7,2016-11-08,180.110001,182.679993,178.460007,181.919998,166.989090,2646200
7,2016-11-09,185.000000,193.539993,183.449997,192.630005,176.820053,7823800
7,2016-11-10,194.529999,204.669998,194.000000,200.869995,184.383789,11345400
7,2016-11-11,198.250000,205.000000,198.250000,203.940002,187.201813,6290200
7,2016-11-14,204.149994,211.770004,204.149994,209.179993,192.011780,8248100
7,2016-11-15,206.559998,211.199997,205.169998,211.190002,193.856766,4893800
7,2016-11-16,207.350006,208.080002,204.830002,206.259995,189.331421,5276200
7,2016-11-17,206.259995,209.690002,205.669998,209.630005,192.424820,3572400
7,2016-11-18,209.869995,212.070007,209.720001,210.350006,193.085724,4278200
7,2016-11-21,211.460007,211.690002,209.179993,211.080002,193.755798,2860200
7,2016-11-22,211.360001,211.949997,209.889999,211.110001,193.783340,2945700
7,2016-11-23,211.500000,213.410004,209.369995,212.309998,194.884872,3717400
7,2016-11-25,211.360001,212.750000,211.000000,211.380005,194.031204,1974000
7,2016-11-28,210.000000,211.759995,209.600006,210.350006,193.085724,3297400
7,2016-11-29,209.990005,212.919998,209.919998,211.750000,194.973312,2577600
7,2016-11-30,215.199997,220.770004,214.970001,219.289993,201.915894,6507900
7,2016-12-01,220.929993,227.160004,220.350006,226.630005,208.674393,7606500
7,2016-12-02,226.000000,226.250000,221.220001,223.360001,205.663498,5297400
7,2016-12-05,225.520004,229.199997,225.240005,228.550003,210.442245,4599300
7,2016-12-06,230.179993,232.669998,227.899994,231.380005,213.048035,5259300
7,2016-12-07,230.399994,236.089996,230.399994,235.559998,216.896866,6595200
7,2016-12-08,236.880005,242.419998,236.000000,241.449997,222.320206,7343700
7,2016-12-09,240.610001,242.000000,238.880005,241.850006,222.688507,5456000
7,2016-12-12,240.500000,242.830002,236.369995,237.169998,218.379303,5022000
7,2016-12-13,239.000000,240.179993,235.509995,238.550003,219.649979,4680500
7,2016-12-14,235.669998,243.119995,235.369995,239.929993,220.920624,6172400
7,2016-12-15,242.490005,245.570007,241.619995,243.000000,223.747437,4829700
7,2016-12-16,242.800003,243.190002,238.399994,238.899994,219.972290,6876400
7,2016-12-19,238.339996,239.740005,236.259995,239.070007,220.128769,3743300
7,2016-12-20,240.520004,243.649994,240.229996,243.089996,223.830261,4487700
7,2016-12-21,242.240005,242.399994,240.080002,241.440002,222.311035,3277800
7,2016-12-22,241.229996,242.860001,239.550003,240.119995,221.095596,2636500
7,2016-12-23,239.539993,241.899994,238.910004,240.970001,221.878265,2187500
7,2016-12-27,241.949997,242.589996,240.399994,241.559998,222.421539,1998200
7,2016-12-28,243.690002,244.500000,240.440002,240.649994,221.583572,3053000
7,2016-12-29,240.750000,241.070007,236.639999,238.179993,219.309280,2619000
7,2016-12-30,238.509995,240.500000,237.399994,239.449997,220.478668,2355500
7,2017-01-03,242.699997,244.970001,237.970001,241.570007,222.430725,4384200
7,2017-01-04,241.440002,243.320007,240.029999,243.130005,223.867142,2728700
7,2017-01-05,242.720001,243.229996,236.779999,241.320007,222.200562,3562600
7,2017-01-06,242.289993,246.199997,241.369995,244.899994,225.496857,3591100
7,2017-01-09,243.250000,244.690002,241.470001,242.889999,223.646133,3022800
7,2017-01-10,240.869995,243.440002,239.050003,242.570007,223.351501,3432900
7,2017-01-11,242.770004,245.839996,242.000000,245.759995,226.288757,3532600
7,2017-01-12,245.059998,245.470001,241.570007,243.839996,224.520813,4022300
7,2017-01-13,245.429993,247.770004,242.910004,244.300003,224.944397,4186100
7,2017-01-17,242.940002,243.059998,235.610001,235.740005,217.062637,6277200
7,2017-01-18,236.000000,237.690002,231.520004,234.289993,215.727478,7590500
7,2017-01-19,234.070007,234.750000,230.619995,231.410004,213.075668,4561800
7,2017-01-20,231.619995,233.229996,230.539993,232.199997,213.803101,5211800
7,2017-01-23,231.860001,233.750000,230.750000,232.669998,214.235825,3136200
7,2017-01-24,231.860001,236.059998,230.839996,233.679993,215.165833,4448200
7,2017-01-25,235.529999,237.330002,234.490005,237.250000,218.453003,3716800
7,2017-01-26,237.470001,240.789993,237.470001,239.580002,220.598373,4195600
7,2017-01-27,236.899994,237.970001,236.009995,236.949997,218.176758,3253100
7,2017-01-30,235.580002,236.289993,231.520004,233.899994,215.368408,3803300
7,2017-01-31,232.850006,234.350006,228.160004,229.320007,211.151260,5156400
7,2017-02-01,230.509995,232.860001,229.520004,230.669998,212.394302,4024500
7,2017-02-02,228.509995,232.330002,227.050003,230.410004,212.154907,2775700
7,2017-02-03,234.520004,241.110001,234.199997,240.949997,221.859848,7381000
7,2017-02-06,239.600006,243.649994,239.169998,239.979996,220.966690,4639200
7,2017-02-07,241.149994,241.440002,239.389999,239.619995,220.635208,2660200
7,2017-02-08,238.300003,238.940002,236.309998,237.729996,218.894943,2744700
7,2017-02-09,237.729996,243.289993,237.419998,241.550003,222.412277,3550800
7,2017-02-10,243.369995,244.160004,241.229996,242.720001,223.489578,3072800
7,2017-02-13,244.490005,247.479996,244.490005,246.270004,226.758362,2998200
7,2017-02-14,246.009995,250.000000,245.690002,249.460007,229.695587,4141500
7,2017-02-15,250.580002,251.949997,248.509995,250.539993,230.690048,4296600
7,2017-02-16,250.300003,250.779999,248.440002,249.440002,229.677200,2286300
7,2017-02-17,247.509995,250.559998,247.110001,250.380005,230.542709,3262300
7,2017-02-21,251.000000,252.649994,250.710007,251.759995,231.813354,2794900
7,2017-02-22,250.059998,252.350006,250.000000,251.729996,231.785706,2378800
7,2017-02-23,251.309998,251.899994,249.320007,251.190002,231.288528,2594700
7,2017-02-24,247.699997,248.880005,246.100006,247.350006,227.752777,3565400
7,2017-02-27,247.210007,249.759995,246.610001,249.330002,229.575912,2372600
7,2017-02-28,248.000000,249.000000,245.610001,248.059998,229.003555,3627100
7,2017-03-01,253.710007,255.149994,251.259995,252.710007,233.296326,5218300
7,2017-03-02,253.520004,254.240005,250.970001,251.059998,231.773071,3020000
7,2017-03-03,251.059998,254.750000,251.059998,252.889999,233.462479,3163700
7,2017-03-06,252.169998,252.729996,250.500000,252.009995,232.650085,2467000
7,2017-03-07,252.490005,253.000000,250.309998,250.899994,231.625336,2497300
7,2017-03-08,253.619995,254.770004,249.610001,250.240005,231.016037,3574400
7,2017-03-09,251.220001,252.740005,249.520004,250.179993,230.960678,3061500
7,2017-03-10,251.839996,251.899994,246.869995,248.380005,229.298935,3365900
7,2017-03-13,249.320007,249.320007,247.210007,248.160004,229.095856,1801100
7,2017-03-14,246.809998,247.830002,245.410004,247.720001,228.689636,2144200
7,2017-03-15,248.350006,250.279999,245.559998,246.779999,227.821884,3427000
7,2017-03-16,247.850006,250.199997,247.309998,248.220001,229.151245,2940600
7,2017-03-17,249.679993,249.679993,243.860001,243.940002,225.200058,5438100
7,2017-03-20,243.320007,244.929993,241.520004,242.139999,223.538300,2759100
7,2017-03-21,243.309998,243.309998,232.789993,233.000000,215.100464,5660900
7,2017-03-22,231.220001,232.919998,229.160004,231.070007,213.318741,6291300
7,2017-03-23,230.750000,234.630005,229.949997,231.899994,214.084976,4770700
7,2017-03-24,233.000000,233.699997,226.970001,228.410004,210.863129,6387300
7,2017-03-27,223.300003,227.070007,220.850006,225.479996,208.158203,9194800
7,2017-03-28,225.580002,229.750000,225.100006,229.330002,211.712387,4471200
7,2017-03-29,229.389999,229.970001,227.520004,228.449997,210.899994,2636000
7,2017-03-30,229.479996,232.000000,229.380005,231.220001,213.457199,3156800
7,2017-03-31,230.529999,230.800003,228.729996,229.720001,212.072433,2858400
7,2017-04-03,230.000000,230.100006,225.570007,228.960007,211.370789,3735600
7,2017-04-04,227.720001,230.690002,227.279999,229.259995,211.647751,3042700
7,2017-04-05,232.149994,232.889999,227.309998,227.660004,210.170715,5286900
7,2017-04-06,227.089996,230.119995,225.710007,228.639999,211.075363,2927200
7,2017-04-07,226.600006,228.830002,226.229996,227.880005,210.373795,2853300
7,2017-04-10,228.000000,229.789993,226.949997,228.889999,211.306198,2653900
7,2017-04-11,227.779999,229.399994,225.389999,227.740005,210.244568,3374700
7,2017-04-12,227.649994,228.250000,225.229996,225.750000,208.407455,2947500
7,2017-04-13,225.179993,228.169998,223.080002,223.320007,206.164124,3653700
7,2017-04-17,223.899994,226.880005,223.020004,226.259995,208.878250,4190900
7,2017-04-18,219.320007,219.889999,213.179993,215.589996,199.027924,12464000
7,2017-04-19,215.869995,217.179993,213.610001,214.089996,197.643158,6428800
7,2017-04-20,215.500000,218.979996,215.000000,218.059998,201.308197,5168200
7,2017-04-21,218.550003,219.179993,216.380005,216.860001,200.200363,3845700
7,2017-04-24,221.179993,224.809998,220.300003,223.220001,206.071793,5353500
7,2017-04-25,226.199997,227.979996,225.149994,226.630005,209.219849,3996900
7,2017-04-26,227.100006,229.360001,226.089996,226.199997,208.822830,3765300
7,2017-04-27,226.699997,226.699997,223.520004,225.809998,208.462830,2805800
7,2017-04-28,225.309998,226.770004,223.720001,223.800003,206.607239,2936600
7,2017-05-01,224.899994,226.389999,220.929993,224.850006,207.576538,3004800
7,2017-05-02,224.860001,225.839996,223.179993,225.119995,207.825821,2602400
7,2017-05-03,224.449997,226.690002,224.320007,226.309998,208.924423,3042200
7,2017-05-04,228.259995,228.889999,224.809998,226.589996,209.182922,2935400
7,2017-05-05,226.880005,227.470001,225.300003,226.869995,209.441376,2435800
7,2017-05-08,226.750000,227.339996,224.600006,225.029999,207.742722,2316800
7,2017-05-09,225.470001,226.570007,222.929993,223.759995,206.570313,2145400
7,2017-05-10,223.460007,225.350006,223.059998,224.880005,207.604263,2630400
7,2017-05-11,224.350006,225.089996,222.149994,224.759995,207.493469,2440300
7,2017-05-12,223.490005,224.490005,222.479996,222.820007,205.702515,2166100
7,2017-05-15,223.130005,226.570007,222.850006,225.119995,207.825821,2468100
7,2017-05-16,225.440002,226.820007,224.410004,225.600006,208.268967,1710700
7,2017-05-17,225.600006,225.600006,213.119995,213.720001,197.301605,7525700
7,2017-05-18,214.000000,217.610001,213.860001,215.160004,198.630966,4792400
7,2017-05-19,214.869995,217.800003,214.000000,215.389999,198.843307,3747100
7,2017-05-22,217.369995,217.639999,215.399994,216.020004,199.424927,2506100
7,2017-05-23,215.970001,220.789993,214.660004,219.639999,202.766815,3308800
7,2017-05-24,220.000000,224.399994,219.449997,223.830002,206.634918,4141600
7,2017-05-25,224.410004,225.449997,222.300003,222.470001,205.379410,2640000
7,2017-05-26,222.009995,224.229996,221.179993,223.529999,206.357986,1787100
7,2017-05-30,221.830002,222.440002,218.009995,218.419998,202.319366,3097800
7,2017-05-31,218.240005,218.300003,209.619995,211.259995,195.687134,8312000
7,2017-06-01,212.610001,215.929993,210.789993,215.009995,199.160721,4057900
7,2017-06-02,212.940002,215.210007,211.910004,213.309998,197.586060,3692000
7,2017-06-05,213.080002,215.809998,212.679993,213.990005,198.215897,2696600
7,2017-06-06,212.509995,216.020004,212.479996,214.529999,198.716125,2891300
7,2017-06-07,215.369995,217.229996,214.309998,215.779999,199.873962,2679400
7,2017-06-08,215.779999,221.000000,214.630005,218.759995,202.634277,3765600
7,2017-06-09,220.830002,223.850006,219.750000,222.440002,206.043060,4455400
7,2017-06-12,223.630005,225.229996,221.910004,221.910004,205.552109,3388200
7,2017-06-13,223.350006,226.800003,222.770004,224.199997,207.673279,2767800
7,2017-06-14,222.990005,226.940002,221.759995,226.509995,209.813019,3652900
7,2017-06-15,224.809998,226.350006,222.800003,223.229996,206.774826,3378900
7,2017-06-16,222.649994,223.669998,221.130005,221.809998,205.459503,3758300
7,2017-06-19,223.429993,227.039993,223.110001,226.130005,209.461029,2900900
7,2017-06-20,225.509995,226.539993,224.190002,225.100006,208.507004,2264200
7,2017-06-21,224.539993,224.929993,221.929993,222.490005,206.089340,3015300
7,2017-06-22,221.440002,221.899994,219.289993,219.770004,203.569855,3344600
7,2017-06-23,220.500000,220.690002,216.460007,217.190002,201.180008,4448700
7,2017-06-26,218.259995,221.970001,217.699997,220.440002,204.190506,2589500
7,2017-06-27,221.839996,222.410004,219.559998,220.279999,204.042236,2899400
7,2017-06-28,221.869995,224.630005,220.750000,223.220001,206.765549,3482800
7,2017-06-29,228.369995,228.789993,223.029999,224.410004,207.867828,5063400
7,2017-06-30,225.309998,226.050003,221.539993,221.899994,205.542831,3154300
7,2017-07-03,224.460007,229.070007,223.419998,227.279999,210.526245,2846600
7,2017-07-05,228.380005,228.919998,225.210007,228.039993,211.230240,2772000
7,2017-07-06,227.970001,230.059998,225.250000,226.690002,209.979752,3076600
7,2017-07-07,228.229996,228.490005,224.419998,225.279999,208.673721,2697600
7,2017-07-10,224.270004,227.339996,223.960007,225.839996,209.192398,2357500
7,2017-07-11,226.039993,227.949997,224.669998,226.949997,210.220566,2742900
7,2017-07-12,226.399994,229.020004,226.070007,227.389999,210.628174,2567300
7,2017-07-13,227.389999,230.639999,226.949997,230.399994,213.416275,2852600
7,2017-07-14,227.220001,229.610001,225.100006,228.600006,211.748932,3703600
7,2017-07-17,228.729996,229.639999,227.210007,229.259995,212.360291,2551800
7,2017-07-18,227.500000,230.360001,222.759995,223.309998,206.848923,6400700
7,2017-07-19,222.910004,224.199997,221.669998,222.869995,206.441345,4884600
7,2017-07-20,223.000000,224.759995,221.610001,222.300003,205.913376,3497800
7,2017-07-21,221.889999,222.309998,219.089996,220.179993,203.949615,3446600
7,2017-07-24,218.940002,219.729996,218.000000,218.179993,202.097046,3123100
7,2017-07-25,220.339996,222.869995,220.179993,221.580002,205.246429,3509500
7,2017-07-26,222.449997,223.740005,221.869995,222.250000,205.867050,2792500
7,2017-07-27,221.839996,222.710007,220.429993,221.479996,205.153763,2812500
7,2017-07-28,221.770004,223.669998,220.860001,223.610001,207.126785,2483200
7,2017-07-31,223.949997,225.500000,223.050003,225.330002,208.720001,1994900
7,2017-08-01,227.089996,228.619995,226.729996,227.000000,210.266907,2986800
7,2017-08-02,226.399994,227.729996,225.570007,226.270004,209.590729,1863300
7,2017-08-03,226.000000,226.740005,223.970001,223.990005,207.478775,2106400
7,2017-08-04,226.050003,229.789993,225.059998,229.789993,212.851227,3400300
7,2017-08-07,229.800003,233.130005,229.289993,232.919998,215.750534,3809800
7,2017-08-08,232.399994,235.830002,231.699997,232.050003,214.944656,3322500
7,2017-08-09,230.320007,231.490005,229.059998,231.009995,213.981262,2571100
7,2017-08-10,229.020004,229.449997,225.470001,225.500000,208.877472,3325500
7,2017-08-11,225.070007,226.679993,222.649994,224.149994,207.626984,2956600
7,2017-08-14,226.369995,229.830002,226.300003,227.360001,210.600342,2266100
7,2017-08-15,229.570007,230.610001,227.500000,227.589996,210.813385,1867000
7,2017-08-16,228.259995,229.009995,225.000000,225.610001,208.979355,2393900
7,2017-08-17,224.380005,225.979996,221.110001,221.419998,205.098236,3460300
7,2017-08-18,220.789993,224.089996,220.550003,222.149994,205.774414,3149300
7,2017-08-21,222.399994,222.399994,219.210007,220.789993,204.514664,2203300
7,2017-08-22,221.860001,223.779999,221.330002,223.580002,207.099030,2021300
7,2017-08-23,221.899994,224.809998,221.330002,222.740005,206.320953,2568000
7,2017-08-24,223.770004,224.570007,222.589996,222.990005,206.552490,2263000
7,2017-08-25,223.639999,224.949997,222.130005,222.470001,206.070816,2232500
7,2017-08-28,222.910004,223.089996,218.860001,220.350006,204.107101,2641600
7,2017-08-29,217.270004,220.130005,215.750000,219.960007,204.441727,2369100
7,2017-08-30,220.250000,224.220001,220.089996,222.419998,206.728134,2411400
7,2017-08-31,223.250000,224.490005,222.580002,223.740005,207.955002,2240600
7,2017-09-01,224.550003,227.559998,223.529999,225.880005,209.944000,2346900
7,2017-09-05,223.850006,224.000000,217.300003,217.779999,202.415497,5646200
7,2017-09-06,218.979996,221.020004,217.610001,218.830002,203.391418,3613600
7,2017-09-07,218.729996,218.809998,214.639999,215.839996,200.612335,3594600
7,2017-09-08,215.509995,219.279999,215.399994,217.210007,201.885712,3120900
7,2017-09-11,220.070007,221.889999,218.990005,221.059998,205.464081,2971500
7,2017-09-12,222.539993,227.690002,222.020004,225.949997,210.009064,3745800
7,2017-09-13,225.250000,227.139999,224.720001,226.559998,210.576050,2383500
7,2017-09-14,226.100006,228.100006,226.050003,226.850006,210.845642,1986600
7,2017-09-15,227.149994,227.210007,223.820007,225.220001,209.330612,4365800
7,2017-09-18,226.300003,229.000000,225.660004,227.529999,211.477615,2466800
7,2017-09-19,228.009995,230.139999,227.330002,228.910004,212.760284,1858000
7,2017-09-20,229.500000,231.649994,228.500000,229.789993,213.578186,2682300
7,2017-09-21,229.889999,232.100006,229.399994,231.289993,214.972382,1800800
7,2017-09-22,230.639999,231.490005,228.880005,231.029999,214.730667,1861800
7,2017-09-25,230.770004,231.860001,228.360001,230.259995,214.015015,2261800
7,2017-09-26,230.860001,231.440002,229.029999,229.940002,213.717621,1770000
7,2017-09-27,234.070007,235.600006,232.910004,234.759995,218.197540,3072100
7,2017-09-28,235.000000,236.199997,233.500000,235.470001,218.857452,2121800
7,2017-09-29,235.009995,237.600006,234.570007,237.190002,220.456100,1902300
7,2017-10-02,237.199997,241.100006,237.100006,240.649994,223.671997,2501300
7,2017-10-03,241.070007,242.710007,239.690002,241.619995,224.573593,2010800
7,2017-10-04,241.619995,242.880005,240.119995,240.309998,223.355988,1840400
7,2017-10-05,241.000000,246.320007,240.119995,246.059998,228.700317,3521300
7,2017-10-06,246.300003,247.080002,244.610001,246.020004,228.663132,2396100
7,2017-10-09,245.149994,246.350006,242.020004,242.800003,225.670334,2165200
7,2017-10-10,242.800003,243.729996,241.699997,242.600006,225.484421,2187100
7,2017-10-11,242.000000,243.199997,241.350006,242.399994,225.298523,2175700
7,2017-10-12,242.330002,243.419998,238.750000,239.800003,222.881943,2148200
7,2017-10-13,239.000000,239.449997,236.839996,238.529999,221.701584,2491000
7,2017-10-16,238.600006,242.759995,238.350006,242.410004,225.307831,2969200
7,2017-10-17,244.440002,244.889999,235.190002,236.089996,219.433716,7088400
7,2017-10-18,236.869995,242.649994,236.869995,242.029999,224.954636,4235900
7,2017-10-19,240.350006,240.990005,238.100006,239.990005,223.058548,2710900
7,2017-10-20,242.949997,245.250000,240.669998,244.729996,227.464157,3022800
7,2017-10-23,244.389999,245.330002,241.380005,242.130005,225.047577,1963300
7,2017-10-24,243.600006,246.250000,243.000000,244.839996,227.566406,2285300
7,2017-10-25,246.160004,246.500000,240.800003,241.710007,224.657242,2904300
7,2017-10-26,242.610001,244.000000,241.529999,241.720001,224.666534,1948800
7,2017-10-27,240.850006,242.440002,239.669998,241.710007,224.657242,2111500
7,2017-10-30,240.100006,242.589996,239.529999,240.889999,223.895081,1764400
7,2017-10-31,240.679993,244.179993,240.630005,242.479996,225.372894,2658700
7,2017-11-01,243.889999,247.399994,242.910004,244.259995,227.027298,2969600
7,2017-11-02,244.690002,247.740005,243.380005,246.880005,229.462494,2509100
7,2017-11-03,245.369995,246.279999,243.190002,244.399994,227.157425,1954600
7,2017-11-06,243.500000,244.580002,241.669998,243.490005,226.311646,1744800
7,2017-11-07,243.910004,244.979996,238.839996,239.809998,222.891251,2483900
7,2017-11-08,239.199997,242.320007,237.550003,241.250000,224.229675,2349800
7,2017-11-09,239.509995,242.369995,237.839996,240.789993,223.802109,2122400
7,2017-11-10,241.690002,243.320007,240.000000,240.149994,223.207275,1845600
7,2017-11-13,237.970001,240.899994,237.160004,240.270004,223.318832,1953900
7,2017-11-14,239.649994,240.880005,235.630005,237.240005,220.502579,3000200
7,2017-11-15,234.970001,238.149994,233.550003,237.610001,220.846497,2564100
7,2017-11-16,238.380005,240.690002,238.199997,239.369995,222.482300,2304300
7,2017-11-17,238.860001,239.080002,237.119995,238.020004,221.227539,2826400
7,2017-11-20,238.779999,238.779999,237.110001,238.130005,221.329803,2000700
7,2017-11-21,239.410004,239.589996,237.539993,238.020004,221.227539,2223800
7,2017-11-22,237.940002,238.949997,236.360001,236.429993,219.749695,2177200
7,2017-11-24,237.419998,238.559998,235.550003,235.949997,219.303589,1268500
7,2017-11-27,235.750000,236.880005,234.800003,235.110001,218.522873,1999600
7,2017-11-28,236.089996,240.000000,234.330002,239.410004,222.519516,3212900
7,2017-11-29,241.250000,244.470001,240.399994,241.360001,225.036880,4500000
7,2017-11-30,244.070007,250.789993,244.000000,247.639999,230.892166,6364600
7,2017-12-01,249.779999,250.679993,244.009995,248.949997,232.113556,4765400
7,2017-12-04,254.889999,254.899994,250.009995,250.649994,233.698593,3326100
7,2017-12-05,250.800003,251.350006,247.410004,248.330002,231.535507,2526800
7,2017-12-06,246.240005,248.080002,245.130005,245.949997,229.316467,2331400
7,2017-12-07,244.619995,249.479996,244.399994,248.559998,231.749939,2667000
7,2017-12-08,250.500000,250.679993,247.199997,250.350006,233.418884,1959100
7,2017-12-11,250.000000,251.399994,248.759995,250.130005,233.213791,1494200
7,2017-12-12,250.809998,258.200012,250.690002,257.679993,240.253159,3464200
7,2017-12-13,257.809998,260.500000,255.559998,255.559998,238.276550,3482300
7,2017-12-14,257.130005,259.549988,255.479996,255.479996,238.201950,3353200
7,2017-12-15,256.700012,258.970001,254.759995,257.170013,239.777679,5283400
7,2017-12-18,260.000000,262.000000,259.160004,260.019989,242.434921,2575600
7,2017-12-19,261.600006,261.799988,256.179993,256.480011,239.134354,2195500
7,2017-12-20,258.869995,259.089996,254.550003,255.179993,237.922226,2052400
7,2017-12-21,256.609985,262.089996,256.279999,261.010010,243.357986,3337800
7,2017-12-22,261.660004,262.140015,257.720001,258.970001,241.455887,2100600
7,2017-12-26,258.190002,259.200012,256.000000,257.720001,240.290451,1289300
7,2017-12-27,257.980011,257.980011,255.520004,255.949997,238.640182,1567900
7,2017-12-28,256.980011,257.000000,255.100006,256.500000,239.152954,1301000
7,2017-12-29,255.869995,256.649994,252.910004,254.759995,237.530640,2519300
7,2018-01-02,257.769989,257.910004,253.919998,255.669998,238.379105,2258300
7,2018-01-03,255.479996,256.140015,253.220001,253.289993,236.160065,2988200
7,2018-01-04,255.229996,259.720001,254.320007,256.829987,239.460632,2583200
7,2018-01-05,257.179993,257.489990,253.690002,255.520004,238.239243,2594700
7,2018-01-08,254.750000,255.179993,251.619995,251.809998,234.780151,2940500
7,2018-01-09,252.800003,255.600006,252.619995,253.940002,236.766098,2637300
7,2018-01-10,255.000000,255.149994,252.350006,254.330002,237.129730,2927200
7,2018-01-11,255.750000,255.889999,252.970001,255.130005,237.875626,2422400
7,2018-01-12,255.750000,257.299988,254.089996,257.029999,239.647125,2849200
7,2018-01-16,259.250000,261.769989,256.399994,258.459991,240.980377,4445500
7,2018-01-17,260.980011,262.000000,248.839996,253.649994,236.495712,8608100
7,2018-01-18,254.490005,254.539993,250.600006,250.970001,233.996979,4984500
7,2018-01-19,251.000000,256.140015,250.259995,256.119995,238.798676,4643400
7,2018-01-22,255.449997,262.869995,255.190002,261.519989,243.833435,5264700
7,2018-01-23,258.000000,260.260010,256.850006,260.089996,242.500153,4003600
7,2018-01-24,260.739990,265.779999,260.299988,265.679993,247.712173,4314000
7,2018-01-25,266.350006,270.500000,265.010010,269.029999,250.835602,5055000
7,2018-01-26,267.489990,269.000000,266.049988,268.140015,250.005798,3535400
7,2018-01-29,269.040009,273.790009,268.809998,272.480011,254.052246,3881100
7,2018-01-30,270.390015,272.000000,267.109985,268.940002,250.751694,3970400
7,2018-01-31,268.549988,270.000000,266.329987,267.890015,249.772644,3710200
7,2018-02-01,266.149994,272.589996,266.000000,272.230011,253.819199,3388200
7,2018-02-02,270.000000,271.750000,259.350006,260.040009,242.453598,5913900
7,2018-02-05,257.510010,263.299988,241.500000,249.110001,232.262756,6528500
7,2018-02-06,244.210007,258.750000,242.110001,258.700012,241.204178,6739900
7,2018-02-07,255.899994,261.950012,255.660004,257.100006,239.712418,4125000
7,2018-02-08,257.929993,258.779999,246.050003,246.350006,229.689392,4166200
7,2018-02-09,249.619995,251.669998,239.289993,249.300003,232.439911,5978600
7,2018-02-12,251.149994,256.149994,248.820007,253.160004,236.038849,3692500
7,2018-02-13,252.009995,256.399994,250.580002,255.529999,238.248581,2700500
7,2018-02-14,255.000000,262.709991,254.479996,262.579987,244.821793,3793800
7,2018-02-15,265.760010,268.000000,262.910004,267.679993,249.576843,3523100
7,2018-02-16,265.989990,269.279999,265.899994,267.619995,249.520966,2602500
7,2018-02-20,266.890015,268.850006,263.309998,264.890015,246.975555,2618400
7,2018-02-21,263.920013,270.000000,263.130005,263.399994,245.586304,3017900
7,2018-02-22,264.399994,266.320007,260.720001,261.429993,243.749557,2678900
7,2018-02-23,263.000000,266.980011,262.399994,266.769989,248.728424,2507100
7,2018-02-26,267.500000,271.779999,266.769989,271.260010,252.914764,2751400
7,2018-02-27,271.000000,273.119995,267.929993,267.929993,249.809921,3140600
7,2018-02-28,269.140015,269.489990,262.570007,262.929993,245.836243,3104300
7,2018-03-01,262.609985,263.549988,256.200012,256.779999,240.086090,3483500
7,2018-03-02,255.000000,259.239990,252.100006,258.119995,241.338959,3122800
7,2018-03-05,256.459991,264.549988,256.239990,263.119995,246.013916,2445800
7,2018-03-06,264.769989,267.869995,263.209991,266.929993,249.576172,2217300
7,2018-03-07,262.690002,266.429993,260.950012,265.350006,248.098969,2509400
7,2018-03-08,266.480011,268.100006,262.630005,266.339996,249.024597,2565400
7,2018-03-09,268.700012,271.089996,267.040009,270.769989,253.166580,4410600
7,2018-03-12,271.000000,275.309998,270.769989,273.380005,255.606888,3065600
7,2018-03-13,274.339996,275.029999,267.440002,268.529999,251.072174,2288100
7,2018-03-14,270.399994,270.779999,263.910004,264.429993,247.238754,2478700
7,2018-03-15,265.720001,269.000000,265.350006,266.609985,249.277008,2255200
7,2018-03-16,266.010010,269.850006,265.329987,267.600006,250.202728,4114400
7,2018-03-19,266.989990,267.500000,259.470001,262.529999,245.462250,2426900
7,2018-03-20,263.290009,264.640015,261.890015,263.190002,246.079346,1514800
7,2018-03-21,263.010010,266.489990,260.309998,261.850006,244.826462,2817600
7,2018-03-22,258.420013,260.820007,252.179993,252.600006,236.177811,4489300
7,2018-03-23,253.630005,253.990005,244.929993,245.259995,229.315033,3634200
7,2018-03-26,250.649994,255.360001,248.449997,254.880005,238.309601,3787200
7,2018-03-27,255.889999,257.059998,245.610001,247.259995,231.185028,2981500
7,2018-03-28,248.779999,251.229996,244.369995,249.369995,233.157822,2660200
7,2018-03-29,250.789993,252.979996,248.330002,251.860001,235.485977,3073900
7,2018-04-02,251.259995,252.600006,243.770004,247.350006,231.269165,3429900
7,2018-04-03,248.610001,250.889999,245.899994,250.580002,234.289154,2488200
7,2018-04-04,245.710007,253.220001,244.509995,252.619995,236.196533,2853200
7,2018-04-05,254.500000,258.000000,253.399994,255.809998,239.179153,1924800
7,2018-04-06,251.479996,255.339996,246.679993,249.970001,233.718826,3621900
7,2018-04-09,251.479996,257.500000,249.169998,252.190002,235.794495,3256700
7,2018-04-10,257.959991,259.890015,255.949997,256.570007,239.889755,3113900
7,2018-04-11,252.589996,254.830002,249.789993,252.940002,236.495728,3322000
7,2018-04-12,256.269989,260.730011,255.110001,259.589996,242.713409,3059100
7,2018-04-13,261.940002,262.500000,254.539993,255.919998,239.282013,3026200
7,2018-04-16,257.130005,260.660004,256.660004,257.880005,241.114594,3257400
7,2018-04-17,261.600006,262.250000,252.339996,253.630005,237.140884,10134400
7,2018-04-18,254.899994,257.019989,252.250000,254.000000,237.486832,4524800
7,2018-04-19,254.000000,256.160004,252.830002,254.169998,237.645737,3990000
7,2018-04-20,254.100006,255.679993,251.479996,251.960007,235.579437,2930600
7,2018-04-23,251.660004,252.750000,246.190002,246.669998,230.633362,3775900
7,2018-04-24,248.820007,249.149994,240.039993,242.490005,226.725082,4705100
7,2018-04-25,242.190002,242.460007,237.509995,239.229996,223.677094,5041400
7,2018-04-26,239.270004,241.660004,238.009995,240.089996,224.481140,2891100
7,2018-04-27,240.000000,241.929993,239.020004,239.800003,224.209976,2136800
7,2018-04-30,240.970001,243.070007,238.220001,238.330002,222.835556,2790500
7,2018-05-01,237.509995,237.899994,233.960007,236.669998,221.283463,3269800
7,2018-05-02,236.600006,237.910004,233.419998,234.050003,218.833832,3710900
7,2018-05-03,232.449997,234.000000,227.399994,233.410004,218.235474,4511400
7,2018-05-04,232.309998,236.789993,232.279999,234.940002,219.665985,2622300
7,2018-05-07,236.000000,238.169998,235.279999,237.199997,221.779037,1979400
7,2018-05-08,238.240005,240.660004,236.000000,237.000000,221.592056,3267000
7,2018-05-09,237.979996,242.050003,237.250000,241.729996,226.014526,2434000
7,2018-05-10,242.110001,245.419998,240.160004,243.440002,227.613373,2599000
7,2018-05-11,243.440002,244.910004,241.710007,242.919998,227.127167,1540100
7,2018-05-14,243.600006,245.880005,243.500000,243.910004,228.052811,1928500
7,2018-05-15,243.000000,243.949997,240.669998,241.559998,225.855591,2165700
7,2018-05-16,241.270004,241.839996,240.589996,240.960007,225.294571,1965200
7,2018-05-17,240.419998,242.440002,238.779999,239.100006,223.555496,2462700
7,2018-05-18,238.100006,238.740005,236.869995,237.000000,221.592056,2699000
7,2018-05-21,239.100006,240.070007,237.320007,237.699997,222.246536,1951700
7,2018-05-22,238.699997,240.699997,237.979996,238.000000,222.527008,2551500
7,2018-05-23,236.880005,237.869995,234.380005,237.809998,222.349380,3114000
7,2018-05-24,236.600006,237.169998,233.649994,236.100006,220.750549,2308700
7,2018-05-25,235.000000,236.119995,234.279999,235.009995,219.731384,1985600
7,2018-05-29,231.520004,232.470001,225.020004,227.029999,212.270233,5323600
7,2018-05-30,228.940002,229.669998,226.279999,229.160004,215.019394,3348600
7,2018-05-31,227.339996,228.110001,224.089996,225.880005,211.941803,5334900
7,2018-06-01,228.399994,230.250000,228.089996,228.350006,214.259399,3330900
7,2018-06-04,230.350006,231.149994,228.949997,229.889999,215.704376,2133600
7,2018-06-05,228.940002,229.339996,227.289993,228.339996,214.250015,1986200
7,2018-06-06,229.850006,232.580002,229.360001,232.229996,217.899979,2566400
7,2018-06-07,233.889999,235.919998,232.539993,233.449997,219.044693,2905000
7,2018-06-08,233.000000,234.270004,232.350006,233.389999,218.988388,2253100
7,2018-06-11,234.619995,235.160004,233.589996,234.089996,219.645203,1936800
7,2018-06-12,234.119995,235.229996,231.860001,232.630005,218.275284,2080000
7,2018-06-13,233.649994,238.229996,233.100006,233.830002,219.401260,3637400
7,2018-06-14,235.869995,235.889999,232.589996,233.649994,219.232361,2899600
7,2018-06-15,231.500000,233.149994,229.839996,231.919998,217.609116,4738100
7,2018-06-18,230.199997,231.669998,229.149994,231.389999,217.111786,2327500
7,2018-06-19,228.220001,229.039993,226.160004,228.320007,214.231308,3326600
7,2018-06-20,229.919998,229.940002,226.960007,227.820007,213.762131,2678300
7,2018-06-21,226.389999,228.429993,224.570007,226.979996,212.973923,3094600
7,2018-06-22,227.779999,230.500000,225.580002,226.020004,212.073196,2731800
7,2018-06-25,224.500000,225.139999,220.389999,221.539993,207.869629,3817700
7,2018-06-26,221.779999,222.800003,219.119995,221.580002,207.907166,2692900
7,2018-06-27,221.479996,225.470001,220.139999,220.179993,206.593506,3104200
7,2018-06-28,220.250000,224.660004,219.580002,223.419998,209.633606,3072600
7,2018-06-29,224.399994,225.169998,220.449997,220.570007,206.959473,3393700
7,2018-07-02,219.750000,223.339996,218.889999,223.259995,209.483459,1723200
7,2018-07-03,224.460007,224.639999,219.990005,220.380005,206.781189,1204400
7,2018-07-05,221.500000,222.139999,219.779999,220.740005,207.118973,2218200
7,2018-07-06,220.539993,223.199997,219.880005,221.789993,208.104172,1846400
7,2018-07-09,223.360001,228.199997,223.000000,227.990005,213.921600,2743900
7,2018-07-10,228.000000,228.869995,225.850006,226.850006,212.851959,2524800
7,2018-07-11,225.759995,227.250000,225.199997,225.660004,211.735382,2527000
7,2018-07-12,227.639999,227.800003,225.770004,227.220001,213.199112,2223100
7,2018-07-13,226.630005,228.619995,223.929993,226.410004,212.439102,2541500
7,2018-07-16,227.199997,231.440002,226.740005,231.440002,217.158722,3271200
7,2018-07-17,231.479996,233.229996,226.869995,231.020004,216.764648,9280200
7,2018-07-18,232.339996,233.720001,230.149994,231.240005,216.971085,6149900
7,2018-07-19,231.110001,231.990005,228.979996,229.630005,215.460434,4638500
7,2018-07-20,229.009995,232.050003,228.800003,231.690002,217.393311,2683500
7,2018-07-23,231.800003,234.860001,231.720001,233.759995,219.335587,2788500
7,2018-07-24,234.750000,237.479996,234.339996,235.880005,221.324738,2887400
7,2018-07-25,235.009995,236.850006,233.949997,236.690002,222.084778,2181500
7,2018-07-26,237.000000,238.339996,236.429993,237.110001,222.478836,1885500
7,2018-07-27,237.960007,238.800003,235.990005,237.639999,222.976151,1998200
7,2018-07-30,238.000000,239.729996,236.889999,238.949997,224.205292,2454100
7,2018-07-31,239.500000,239.500000,236.550003,237.429993,222.779099,2503700
7,2018-08-01,238.500000,239.399994,235.779999,236.039993,221.474869,2510500
7,2018-08-02,233.929993,235.210007,232.770004,233.990005,219.551392,2579700
7,2018-08-03,234.440002,235.520004,233.490005,234.089996,219.645203,3053100
7,2018-08-06,234.139999,236.979996,234.029999,235.929993,221.371643,2259600
7,2018-08-07,237.250000,239.460007,236.490005,237.830002,223.154419,2399500
7,2018-08-08,238.119995,239.160004,236.229996,236.369995,221.784531,2522400
7,2018-08-09,236.350006,236.850006,233.389999,233.779999,219.354355,2951900
7,2018-08-10,230.970001,231.460007,228.110001,229.610001,215.441635,3863400
7,2018-08-13,229.490005,229.889999,226.570007,226.860001,212.861328,2662700
7,2018-08-14,227.350006,230.369995,227.300003,229.559998,215.394699,2359000
7,2018-08-15,229.350006,231.539993,228.309998,229.250000,215.103836,3218500
7,2018-08-16,230.669998,233.289993,230.449997,233.000000,218.622452,2438300
7,2018-08-17,232.509995,233.720001,231.639999,233.380005,218.979019,2107200
7,2018-08-20,234.130005,235.979996,234.080002,235.779999,221.230927,2604900
7,2018-08-21,235.289993,239.529999,235.289993,238.649994,223.923798,2437300
7,2018-08-22,237.889999,239.669998,237.580002,239.339996,224.571243,1870900
7,2018-08-23,239.050003,239.279999,235.839996,236.339996,221.756348,2064700
7,2018-08-24,237.360001,237.800003,234.699997,235.110001,220.602295,1948100
7,2018-08-27,236.990005,243.649994,236.559998,242.600006,227.630112,4106900
7,2018-08-28,243.059998,245.080002,241.589996,242.369995,227.414246,2951000
7,2018-08-29,242.050003,242.789993,240.309998,241.399994,227.254211,1911700
7,2018-08-30,240.800003,241.119995,238.679993,239.399994,225.371445,1963700
7,2018-08-31,238.940002,239.350006,237.119995,237.809998,223.874588,1965500
7,2018-09-04,237.759995,238.119995,234.589996,237.660004,223.733383,2083500
7,2018-09-05,237.009995,239.449997,236.169998,237.559998,223.639252,2092000
7,2018-09-06,237.000000,238.630005,233.880005,234.520004,220.777390,2651400
7,2018-09-07,235.050003,235.639999,232.679993,233.910004,220.203140,1952900
7,2018-09-10,235.009995,235.500000,231.740005,231.910004,218.320328,1948100
7,2018-09-11,230.669998,231.649994,228.660004,230.210007,216.719971,2719400
7,2018-09-12,230.910004,231.990005,227.300003,228.149994,214.780655,3577700
7,2018-09-13,229.500000,229.850006,227.570007,228.330002,214.950134,3003600
7,2018-09-14,229.080002,230.550003,228.759995,229.240005,215.806793,2228300
7,2018-09-17,229.399994,230.160004,227.300003,227.889999,214.535904,1918800
7,2018-09-18,228.350006,229.399994,226.570007,228.889999,215.477310,2498100
7,2018-09-19,229.899994,236.279999,229.520004,235.580002,221.775299,3716500
7,2018-09-20,237.000000,238.509995,236.029999,237.399994,223.488602,2503000
7,2018-09-21,238.059998,238.520004,234.830002,235.339996,221.549347,3760300
7,2018-09-24,234.740005,235.740005,232.240005,232.899994,219.252304,2057000
7,2018-09-25,234.639999,234.639999,232.229996,232.500000,218.875748,2003200
7,2018-09-26,232.960007,233.000000,228.240005,228.880005,215.467896,2372700
7,2018-09-27,228.770004,229.850006,227.520004,227.740005,214.394699,2451500
7,2018-09-28,225.750000,227.399994,223.800003,224.240005,211.099808,3097800
7,2018-10-01,226.220001,227.589996,225.000000,225.330002,212.125900,2451300
7,2018-10-02,225.279999,226.330002,223.970001,226.070007,212.822586,2272700
7,2018-10-03,227.750000,229.770004,226.580002,227.779999,214.432373,2573900
7,2018-10-04,229.259995,231.399994,225.389999,227.479996,214.149918,2903600
7,2018-10-05,228.000000,228.410004,224.210007,225.710007,212.483643,1722400
7,2018-10-08,224.259995,226.919998,222.500000,225.350006,212.144760,2522900
7,2018-10-09,224.990005,225.119995,222.529999,222.910004,209.847748,1862900
7,2018-10-10,223.240005,223.639999,214.559998,214.889999,202.297668,3955500
7,2018-10-11,214.199997,216.029999,210.949997,212.970001,200.490219,6217400
7,2018-10-12,217.000000,217.979996,211.460007,213.869995,201.337448,4161300
7,2018-10-15,214.449997,217.139999,213.050003,215.220001,202.608368,3333800
7,2018-10-16,219.350006,222.000000,216.300003,221.699997,208.708603,5924200
7,2018-10-17,220.529999,228.899994,220.050003,228.279999,214.903046,4953700
7,2018-10-18,227.500000,228.729996,223.860001,224.949997,211.768173,2995400
7,2018-10-19,225.259995,228.300003,224.190002,226.960007,213.660400,2759100
7,2018-10-22,226.929993,228.869995,221.520004,221.600006,208.614502,2736800
7,2018-10-23,216.589996,219.520004,214.320007,218.559998,205.752609,3318200
7,2018-10-24,218.139999,218.929993,208.399994,209.179993,196.922256,4152700
7,2018-10-25,211.270004,215.690002,210.339996,214.009995,201.469254,3179700
7,2018-10-26,210.729996,214.800003,209.529999,212.360001,199.915970,3557900
7,2018-10-29,214.149994,218.210007,212.050003,214.490005,201.921143,3278200
7,2018-10-30,215.990005,220.350006,215.039993,219.279999,206.430420,3897400
7,2018-10-31,221.889999,229.000000,221.399994,225.369995,212.163559,4369600
7,2018-11-01,225.759995,228.880005,225.470001,226.970001,213.669815,2557600
7,2018-11-02,230.000000,231.690002,226.289993,229.690002,216.230423,3699000
7,2018-11-05,228.320007,231.100006,226.949997,228.720001,215.317261,2565200
7,2018-11-06,228.190002,229.520004,227.050003,228.199997,214.827744,2275600
7,2018-11-07,230.050003,232.800003,226.899994,231.279999,217.727264,3514300
7,2018-11-08,231.000000,234.059998,230.600006,231.649994,218.075562,2404800
7,2018-11-09,231.690002,231.690002,222.300003,222.649994,209.602966,3721700
7,2018-11-12,222.000000,222.309998,205.130005,206.050003,193.975708,11019400
7,2018-11-13,204.399994,209.589996,202.330002,205.050003,193.034302,6984800
7,2018-11-14,206.240005,207.339996,198.440002,202.490005,190.624313,5742500
7,2018-11-15,201.800003,204.500000,199.320007,203.740005,191.801071,4260000
7,2018-11-16,202.929993,204.740005,200.350006,202.119995,190.276001,2829600
7,2018-11-19,201.830002,202.300003,197.350006,198.220001,186.604538,3419100
7,2018-11-20,195.100006,195.889999,190.350006,191.339996,180.127686,5513800
7,2018-11-21,192.089996,195.240005,191.190002,192.600006,181.313858,4111700
7,2018-11-23,191.610001,191.869995,188.940002,189.100006,178.018967,1862600
7,2018-11-26,191.169998,195.229996,190.690002,194.339996,182.951904,3143300
7,2018-11-27,193.399994,194.619995,191.559998,193.649994,182.302338,2345400
7,2018-11-28,194.839996,198.449997,192.229996,198.350006,186.726913,3762900
7,2018-11-29,196.020004,197.449997,193.160004,194.850006,184.174835,2665700
7,2018-11-30,190.570007,191.449997,188.119995,190.690002,180.242752,6220000
7,2018-12-03,194.000000,195.660004,191.619995,191.630005,181.131271,4017000
7,2018-12-04,190.690002,191.110001,183.630005,184.309998,174.212296,5797500
7,2018-12-06,181.330002,184.880005,180.149994,184.089996,174.004349,5275500
7,2018-12-07,183.850006,186.250000,179.000000,179.669998,169.826477,3921200
7,2018-12-10,178.600006,179.839996,174.679993,178.830002,169.032547,4528300
7,2018-12-11,182.149994,184.429993,175.449997,176.800003,167.113754,4713900
7,2018-12-12,178.500000,180.000000,176.479996,176.699997,167.019211,3677300
7,2018-12-13,177.830002,178.690002,175.119995,175.919998,166.281937,4008600
7,2018-12-14,174.339996,176.259995,172.369995,172.770004,163.304535,5078300
7,2018-12-17,169.399994,171.429993,166.529999,168.009995,158.805313,8395800
7,2018-12-18,169.779999,173.020004,169.320007,171.500000,162.104111,5150800
7,2018-12-19,171.589996,174.850006,167.600006,169.250000,159.977356,5316100
7,2018-12-20,168.389999,171.649994,167.160004,168.410004,159.183395,6488200
7,2018-12-21,168.250000,169.630005,159.419998,160.050003,151.281418,8960000
7,2018-12-24,159.000000,160.000000,154.309998,156.350006,147.784103,3783500
7,2018-12-26,157.000000,163.110001,151.699997,162.929993,154.003616,7054700
7,2018-12-27,160.119995,165.410004,159.020004,165.410004,156.347748,4973000
7,2018-12-28,165.639999,165.949997,162.020004,163.029999,154.098099,4110500
7,2018-12-31,163.779999,167.119995,163.779999,167.050003,157.897919,4550000
7,2019-01-02,164.330002,172.250000,163.350006,172.029999,162.605042,3999400
7,2019-01-03,170.660004,171.770004,168.289993,169.509995,160.223129,4060200
7,2019-01-04,172.990005,176.000000,171.100006,175.050003,165.459625,3788300
7,2019-01-07,175.229996,177.830002,172.270004,176.020004,166.376465,3152100
7,2019-01-08,177.779999,178.100006,172.899994,175.369995,165.762070,2692700
7,2019-01-09,176.100006,177.690002,174.910004,176.470001,166.801819,3321400
7,2019-01-10,175.660004,178.070007,175.500000,176.000000,166.357559,2808700
7,2019-01-11,175.100006,177.039993,172.419998,176.929993,167.236618,3182700
7,2019-01-14,174.520004,179.539993,174.100006,178.720001,168.928543,3361700
7,2019-01-15,178.320007,179.990005,176.399994,179.910004,170.053360,2911800
7,2019-01-16,187.000000,198.149994,185.600006,197.080002,186.282654,15194200
7,2019-01-17,195.949997,199.800003,192.830002,199.089996,188.182526,8177000
7,2019-01-18,200.380005,203.000000,196.910004,202.539993,191.443542,5650900
7,2019-01-22,200.500000,201.470001,195.919998,197.679993,186.849777,4648500
7,2019-01-23,197.550003,198.089996,194.529999,196.899994,186.112503,3410700
7,2019-01-24,196.220001,199.679993,195.759995,197.800003,186.963226,2631800
7,2019-01-25,199.830002,201.190002,199.419998,200.740005,189.742126,3275000
7,2019-01-28,197.990005,200.070007,197.100006,199.720001,188.778046,2369600
7,2019-01-29,199.000000,201.970001,197.869995,200.500000,189.515289,2694100
7,2019-01-30,200.899994,203.289993,199.649994,202.479996,191.386780,2773300
7,2019-01-31,200.100006,202.350006,196.949997,198.009995,187.161713,5604500
7,2019-02-01,198.000000,199.639999,196.539993,196.539993,185.772263,3174200
7,2019-02-04,195.800003,197.759995,194.789993,197.720001,186.887589,2400200
7,2019-02-05,198.119995,199.330002,196.860001,198.009995,187.161713,2601000
7,2019-02-06,197.179993,199.059998,195.830002,196.619995,185.847870,2063100
7,2019-02-07,195.279999,195.880005,191.050003,193.070007,182.492355,2948800
7,2019-02-08,191.720001,192.619995,188.220001,191.669998,181.169052,2757500
7,2019-02-11,192.880005,193.320007,191.070007,191.330002,180.847702,2056500
7,2019-02-12,193.050003,195.649994,193.000000,194.490005,183.834564,2392900
7,2019-02-13,195.919998,198.779999,194.600006,194.690002,184.023590,2757300
7,2019-02-14,192.210007,194.130005,189.440002,192.529999,181.981949,2865000
7,2019-02-15,193.210007,198.889999,193.100006,198.500000,187.624878,3065400
7,2019-02-19,196.660004,199.059998,195.610001,198.669998,187.785553,2558200
7,2019-02-20,198.729996,199.300003,197.509995,198.600006,187.719376,2266000
7,2019-02-21,198.970001,199.449997,195.050003,196.360001,185.602112,2785900
7,2019-02-22,196.600006,197.750000,195.199997,196.000000,185.261871,2626600
7,2019-02-25,198.000000,201.500000,197.710007,198.649994,187.766647,3032200
7,2019-02-26,198.470001,200.559998,196.550003,198.899994,188.002914,2499800
7,2019-02-27,198.500000,199.889999,197.119995,198.100006,188.002945,1804200
7,2019-02-28,198.039993,198.399994,196.009995,196.699997,186.674316,2964300
7,2019-03-01,198.750000,201.440002,197.429993,198.199997,188.097839,2580500
7,2019-03-04,198.809998,200.830002,194.149994,195.979996,185.991013,2683600
7,2019-03-05,195.850006,196.179993,193.000000,196.000000,186.009979,2338600
7,2019-03-06,195.899994,197.559998,194.529999,194.740005,184.814209,2247500
7,2019-03-07,193.130005,193.449997,190.080002,192.770004,182.944626,3567800
7,2019-03-08,190.399994,195.770004,189.710007,195.240005,185.288742,3162700
7,2019-03-11,197.229996,198.970001,195.729996,195.970001,185.981506,2669000
7,2019-03-12,196.000000,197.399994,195.690002,196.630005,186.607880,1977400
7,2019-03-13,197.750000,198.929993,196.520004,197.250000,187.196304,1904500
7,2019-03-14,197.320007,198.500000,196.699997,197.470001,187.405075,1482300
7,2019-03-15,197.160004,198.850006,196.850006,198.259995,188.154785,2985200
7,2019-03-18,199.179993,203.850006,198.919998,202.470001,192.150223,3354900
7,2019-03-19,204.880005,206.449997,200.779999,201.119995,190.869019,3284900
7,2019-03-20,200.330002,200.330002,193.970001,194.320007,184.415619,5033500
7,2019-03-21,192.899994,195.550003,191.750000,194.580002,184.662354,4031500
7,2019-03-22,192.669998,193.710007,187.779999,188.960007,179.328812,5703100
7,2019-03-25,189.330002,191.449997,186.500000,188.509995,178.901749,3751000
7,2019-03-26,190.029999,192.410004,188.690002,190.690002,180.970627,2910100
7,2019-03-27,190.600006,191.610001,188.740005,190.029999,180.344269,2343800
7,2019-03-28,190.740005,191.910004,189.289993,191.179993,181.435654,2343400
7,2019-03-29,192.679993,193.110001,191.139999,191.990005,182.204376,2632800
7,2019-04-01,194.000000,198.089996,193.610001,196.740005,186.712296,3562600
7,2019-04-02,196.240005,197.759995,195.399994,197.500000,187.433517,2247000
7,2019-04-03,199.250000,201.089996,198.539993,200.860001,190.622284,3227900
7,2019-04-04,200.800003,204.289993,200.500000,202.229996,191.922470,2582300
7,2019-04-05,203.380005,205.500000,202.059998,202.380005,192.064804,2447100
7,2019-04-08,202.789993,203.630005,201.179993,202.539993,192.216660,1891500
7,2019-04-09,201.229996,201.589996,198.860001,200.619995,190.394485,2400900
7,2019-04-10,201.800003,203.169998,200.270004,202.979996,192.634216,1907100
7,2019-04-11,204.229996,205.449997,201.570007,202.830002,192.491867,2802100
7,2019-04-12,207.000000,209.970001,206.369995,207.839996,197.246506,5096600
7,2019-04-15,204.110001,205.740005,199.699997,199.910004,189.720688,6617200
7,2019-04-16,199.619995,202.940002,199.240005,201.839996,191.552292,4852600
7,2019-04-17,201.960007,208.500000,201.779999,207.899994,197.303467,4195300
7,2019-04-18,207.089996,207.860001,205.149994,205.910004,195.414886,2874300
7,2019-04-22,205.119995,205.589996,204.139999,204.600006,194.171661,1591400
7,2019-04-23,204.250000,205.190002,202.740005,204.139999,193.735092,2120900
7,2019-04-24,203.000000,203.520004,199.729996,200.539993,190.318573,4606100
7,2019-04-25,199.699997,202.559998,199.100006,201.399994,191.134735,2075300
7,2019-04-26,201.729996,203.119995,200.320007,203.080002,192.729141,1543100
7,2019-04-29,203.500000,208.000000,203.270004,206.919998,196.373398,2997000
7,2019-04-30,206.940002,207.990005,204.149994,205.919998,195.424377,1833000
7,2019-05-01,206.399994,208.410004,204.029999,204.729996,194.295013,1981800
7,2019-05-02,204.429993,206.220001,203.119995,204.990005,194.541763,1514700
7,2019-05-03,206.009995,208.750000,205.669998,207.520004,196.942795,1897600
7,2019-05-06,202.800003,206.979996,201.710007,206.429993,195.908386,1927800
7,2019-05-07,203.339996,204.000000,201.009995,202.630005,192.302063,2839500
7,2019-05-08,201.399994,203.199997,200.800003,200.949997,190.707703,1817600
7,2019-05-09,199.509995,202.220001,197.910004,201.630005,191.353027,2333400
7,2019-05-10,200.979996,202.100006,198.990005,202.050003,191.751602,2089400
7,2019-05-13,197.899994,197.899994,194.000000,194.970001,185.032501,3605600
7,2019-05-14,194.990005,198.130005,194.899994,196.279999,186.275696,2463300
7,2019-05-15,194.639999,197.589996,193.419998,196.399994,186.389603,2271100
7,2019-05-16,196.630005,200.000000,196.619995,199.139999,188.989960,2008100
7,2019-05-17,196.300003,199.089996,196.300003,197.429993,187.367065,1928300
7,2019-05-20,197.089996,197.779999,195.570007,197.240005,187.186798,2483400
7,2019-05-21,198.660004,199.320007,198.000000,199.110001,188.961487,2327600
7,2019-05-22,197.440002,198.479996,195.460007,195.520004,185.554459,2427200
7,2019-05-23,193.000000,193.000000,189.559998,191.970001,182.185379,3184100
7,2019-05-24,192.889999,194.070007,191.679993,193.000000,183.162903,1637200
7,2019-05-28,192.000000,193.309998,189.389999,189.440002,179.784348,3040000
7,2019-05-29,187.740005,188.649994,184.919998,188.050003,179.269562,2815800
7,2019-05-30,188.089996,189.369995,186.009995,187.369995,178.621323,1919300
7,2019-05-31,184.770004,184.889999,182.309998,182.490005,173.969193,2640100
7,2019-06-03,181.699997,183.490005,180.729996,183.190002,174.636490,2857800
7,2019-06-04,186.179993,189.990005,185.710007,189.880005,181.014114,2420800
7,2019-06-05,190.100006,190.160004,187.009995,188.440002,179.641388,1967800
7,2019-06-06,188.059998,190.740005,187.309998,189.809998,180.947372,1653500
7,2019-06-07,189.880005,190.610001,188.520004,189.809998,180.947372,1838600
7,2019-06-10,191.399994,197.000000,191.399994,194.119995,185.056122,2372000
7,2019-06-11,195.300003,196.119995,193.509995,194.729996,185.637680,1632200
7,2019-06-12,193.610001,194.050003,189.830002,190.220001,181.338242,2059400
7,2019-06-13,190.410004,192.250000,190.070007,191.449997,182.510803,1411400
7,2019-06-14,191.289993,192.169998,189.309998,191.660004,182.711014,1403900
7,2019-06-17,192.020004,193.229996,190.740005,190.830002,181.919785,1155600
7,2019-06-18,190.669998,197.130005,190.669998,194.979996,185.876007,2363000
7,2019-06-19,195.350006,197.610001,194.789993,195.639999,186.505173,2196800
7,2019-06-20,197.500000,198.190002,193.610001,195.699997,186.562378,2749300
7,2019-06-21,195.339996,198.339996,193.970001,195.940002,186.791168,3365500
7,2019-06-24,196.529999,199.350006,196.029999,197.490005,188.268799,2069800
7,2019-06-25,197.500000,197.520004,194.009995,196.059998,186.905563,1828300
7,2019-06-26,196.500000,197.869995,196.119995,197.009995,187.811203,1649900
7,2019-06-27,197.570007,199.610001,196.759995,199.320007,190.013367,2239200
7,2019-06-28,203.500000,205.839996,202.940002,204.600006,195.046814,4854900
7,2019-07-01,208.000000,209.850006,205.740005,206.860001,197.201294,2465700
7,2019-07-02,205.399994,206.309998,204.160004,205.979996,196.362381,1621400
7,2019-07-03,207.300003,207.399994,205.229996,206.039993,196.419571,978800
7,2019-07-05,206.860001,208.759995,206.199997,207.899994,198.192734,1511400
7,2019-07-08,206.360001,207.250000,204.710007,205.750000,196.143112,1853900
7,2019-07-09,203.750000,207.940002,203.539993,207.770004,198.068787,1812100
7,2019-07-10,207.179993,208.990005,205.649994,205.970001,196.352844,1779800
7,2019-07-11,206.199997,212.589996,206.000000,211.350006,201.481644,3691600
7,2019-07-12,212.000000,214.190002,210.789993,213.940002,203.950714,2626000
7,2019-07-15,214.110001,214.600006,209.789993,211.580002,201.700897,2600200
7,2019-07-16,214.800003,217.330002,212.550003,215.520004,205.456924,5283700
7,2019-07-17,213.830002,215.779999,213.160004,213.300003,203.340576,2583500
7,2019-07-18,212.710007,215.830002,211.750000,214.520004,204.503616,2858100
7,2019-07-19,214.020004,215.770004,213.350006,213.520004,203.550323,1822300
7,2019-07-22,213.399994,214.860001,212.309998,214.000000,204.007904,1907100
7,2019-07-23,214.949997,220.000000,214.949997,219.429993,209.184357,3330600
7,2019-07-24,219.250000,222.089996,218.630005,222.029999,211.662979,3180000
7,2019-07-25,221.770004,221.770004,218.229996,219.979996,209.708694,2776700
7,2019-07-26,220.449997,222.240005,220.369995,222.139999,211.767838,2304500
7,2019-07-29,221.000000,222.130005,220.199997,220.320007,210.032806,1372800
7,2019-07-30,218.490005,221.990005,217.330002,221.399994,211.062347,1644600
7,2019-07-31,221.240005,221.979996,219.009995,220.130005,209.851685,1991100
7,2019-08-01,219.350006,219.949997,210.759995,211.600006,201.719986,3070100
7,2019-08-02,211.580002,211.580002,205.309998,209.369995,199.594101,2503000
7,2019-08-05,205.820007,205.820007,199.580002,201.679993,192.263168,2794200
7,2019-08-06,203.559998,206.070007,200.889999,206.009995,196.390945,2349400
7,2019-08-07,201.110001,205.960007,199.050003,205.740005,196.133575,2454200
7,2019-08-08,207.169998,207.800003,203.539993,207.000000,197.334747,2342200
7,2019-08-09,205.619995,208.300003,203.860001,206.899994,197.239410,1790100
7,2019-08-12,203.279999,204.149994,200.479996,201.520004,192.110626,1479300
7,2019-08-13,201.509995,206.600006,200.229996,204.110001,194.579681,2115900
7,2019-08-14,199.800003,199.910004,195.059998,195.559998,186.428894,3025100
7,2019-08-15,195.910004,196.970001,193.710007,196.179993,187.019943,1981900
7,2019-08-16,197.029999,200.669998,197.000000,199.419998,190.108688,1878700
7,2019-08-19,203.809998,204.449997,201.820007,202.199997,192.758865,1646100
7,2019-08-20,200.210007,201.990005,199.699997,199.979996,190.642548,1545600
7,2019-08-21,202.740005,203.020004,200.169998,200.679993,191.309830,1160800
7,2019-08-22,202.279999,203.449997,200.910004,202.419998,192.968597,1275900
7,2019-08-23,200.809998,201.880005,195.190002,196.199997,187.039032,2200500
7,2019-08-26,198.270004,199.710007,198.000000,199.649994,190.327942,1441900
7,2019-08-27,200.330002,200.860001,196.500000,198.070007,188.821701,1513300
7,2019-08-28,196.570007,201.470001,196.250000,200.419998,191.061966,1437800
7,2019-08-29,201.360001,204.369995,201.360001,203.440002,195.158157,1816800
7,2019-08-30,204.850006,205.210007,203.009995,203.910004,195.609039,1529600
7,2019-09-03,201.100006,201.610001,196.580002,198.970001,190.870132,2633600
7,2019-09-04,201.490005,202.100006,200.050003,201.729996,193.517776,1720600
7,2019-09-05,205.270004,208.929993,205.039993,207.050003,198.621231,2237900
7,2019-09-06,207.059998,208.250000,205.570007,207.210007,198.774689,1438800
7,2019-09-09,209.220001,213.880005,208.440002,211.979996,203.350510,2734500
7,2019-09-10,213.500000,217.089996,213.220001,215.630005,206.851913,2615800
7,2019-09-11,215.210007,216.850006,213.360001,216.800003,207.974289,1886300
7,2019-09-12,216.380005,220.759995,215.149994,218.740005,209.835312,2913800
7,2019-09-13,220.350006,221.500000,219.199997,219.899994,210.948090,2722400
7,2019-09-16,217.820007,219.330002,216.320007,217.220001,208.377182,2205500
7,2019-09-17,215.800003,216.139999,212.539993,215.910004,207.120529,2429100
7,2019-09-18,214.830002,217.889999,213.300003,217.080002,208.242905,2474900
7,2019-09-19,217.580002,217.929993,215.059998,215.229996,206.468170,1596200
7,2019-09-20,214.660004,216.679993,213.630005,213.740005,205.038864,5458900
7,2019-09-23,212.850006,214.110001,211.559998,213.460007,204.770264,1485500
7,2019-09-24,214.039993,214.199997,206.800003,207.750000,199.292694,2837600
7,2019-09-25,207.960007,211.089996,207.449997,210.029999,201.479904,1593400
7,2019-09-26,209.050003,209.970001,208.110001,208.220001,199.743576,1685500
7,2019-09-27,209.850006,210.550003,208.089996,208.970001,200.463028,1530900
7,2019-09-30,209.710007,209.710007,206.830002,207.229996,198.793884,1794500
7,2019-10-01,207.009995,209.380005,202.610001,202.690002,194.438705,3156200
7,2019-10-02,201.690002,201.880005,197.600006,198.250000,190.179443,3386800
7,2019-10-03,197.610001,198.369995,193.990005,197.240005,189.210556,2914500
7,2019-10-04,196.990005,201.229996,196.039993,200.800003,192.625626,3021100
7,2019-10-07,200.789993,202.529999,199.470001,200.399994,192.241928,2202200
7,2019-10-08,197.600006,198.949997,195.919998,197.369995,189.335281,2654900
7,2019-10-09,198.190002,198.979996,196.679993,196.850006,188.836426,2443500
7,2019-10-10,197.589996,201.320007,197.539993,199.869995,191.733490,2108000
7,2019-10-11,203.720001,207.289993,203.720001,204.679993,196.347656,3334300
7,2019-10-14,203.830002,206.169998,202.919998,205.820007,197.441269,2286100
7,2019-10-15,202.000000,208.240005,198.610001,206.460007,198.055222,8241900
7,2019-10-16,206.169998,208.619995,206.100006,207.419998,198.976135,3405800
7,2019-10-17,208.289993,208.929993,204.389999,206.460007,198.055222,2876500
7,2019-10-18,204.990005,208.059998,204.990005,206.520004,198.112793,2207000
7,2019-10-21,208.669998,210.860001,207.679993,209.250000,200.731628,1934900
7,2019-10-22,209.589996,211.649994,208.309998,209.600006,201.067383,1868000
7,2019-10-23,209.220001,212.020004,209.000000,211.320007,202.717377,1574500
7,2019-10-24,211.610001,213.149994,209.779999,211.050003,202.458374,1266500
7,2019-10-25,210.179993,215.419998,210.179993,214.229996,205.508926,2602100
7,2019-10-28,216.320007,218.919998,215.690002,217.750000,208.885605,2707800
7,2019-10-29,217.220001,219.279999,216.449997,217.639999,208.780106,2030800
7,2019-10-30,217.020004,217.050003,213.809998,215.809998,207.024567,1584900
7,2019-10-31,215.149994,215.360001,211.320007,213.380005,204.693527,1876200
7,2019-11-01,215.259995,217.889999,214.750000,217.389999,208.540253,2112300
7,2019-11-04,219.699997,220.690002,218.570007,219.869995,210.919296,2538100
7,2019-11-05,220.800003,221.779999,218.470001,218.639999,209.739365,2525100
7,2019-11-06,218.009995,219.070007,216.550003,218.419998,209.528336,1863000
7,2019-11-07,220.770004,224.770004,220.410004,223.289993,214.200073,3748600
7,2019-11-08,223.000000,223.229996,221.100006,222.910004,213.835556,1610800
7,2019-11-11,220.899994,221.410004,218.520004,219.029999,210.113510,2754500
7,2019-11-12,218.559998,221.110001,217.929993,220.410004,211.437332,1891600
7,2019-11-13,218.389999,219.839996,217.009995,219.320007,210.391708,1756000
7,2019-11-14,218.789993,220.470001,218.029999,219.429993,210.497223,1483100
7,2019-11-15,220.000000,221.089996,219.039993,220.250000,211.283859,1693100
7,2019-11-18,219.729996,219.949997,218.039993,219.729996,210.784988,1603400
7,2019-11-19,220.559998,220.679993,218.309998,220.039993,211.082367,1817100
7,2019-11-20,218.360001,219.470001,216.399994,217.910004,209.039093,2177700
7,2019-11-21,218.600006,219.320007,216.820007,218.229996,209.346069,1677700
7,2019-11-22,218.000000,220.710007,218.000000,220.279999,211.312622,1529100
7,2019-11-25,220.889999,223.949997,220.889999,222.750000,213.682068,2181800
7,2019-11-26,222.679993,222.759995,221.110001,222.449997,213.394272,1926300
7,2019-11-27,223.449997,224.279999,221.860001,222.949997,213.873932,1614600
7,2019-11-29,220.880005,222.000000,220.410004,221.350006,213.536301,770400
7,2019-12-02,220.970001,221.800003,217.080002,217.639999,209.957245,2118500
7,2019-12-03,215.429993,215.429993,210.000000,212.240005,204.747879,3207100
7,2019-12-04,213.539993,216.990005,212.380005,215.940002,208.317261,1583600
7,2019-12-05,217.149994,217.630005,215.419998,217.139999,209.474899,1329300
7,2019-12-06,219.949997,225.399994,218.820007,224.610001,216.681198,4229400
7,2019-12-09,224.610001,224.649994,221.770004,221.809998,213.980026,2134600
7,2019-12-10,221.669998,222.880005,220.550003,221.880005,214.047577,1854100
7,2019-12-11,222.250000,222.850006,220.839996,221.190002,213.381943,1778600
7,2019-12-12,221.910004,226.779999,220.600006,226.050003,218.070358,2974300
7,2019-12-13,226.720001,227.990005,223.699997,225.000000,217.057419,1908200
7,2019-12-16,228.500000,230.699997,227.869995,228.039993,219.990112,3218400
7,2019-12-17,230.000000,232.070007,228.800003,231.149994,222.990326,3590000
7,2019-12-18,231.970001,232.199997,229.940002,230.449997,222.315033,2280800
7,2019-12-19,230.949997,231.389999,228.960007,229.940002,221.823029,2418100
7,2019-12-20,230.960007,231.289993,228.619995,228.929993,220.848679,3715500
7,2019-12-23,229.660004,230.479996,228.410004,229.089996,221.003052,1670400
7,2019-12-24,228.979996,229.949997,228.369995,229.910004,221.794128,467700
7,2019-12-26,230.259995,232.199997,229.990005,231.210007,223.048233,1704000
7,2019-12-27,231.809998,232.210007,230.470001,230.660004,222.517639,1343900
7,2019-12-30,231.679993,231.679993,229.500000,229.800003,221.687988,1494500
7,2019-12-31,229.710007,229.970001,228.669998,229.929993,221.813385,1447200
7,2020-01-02,231.000000,234.639999,230.160004,234.320007,226.048447,3736300
7,2020-01-03,231.600006,232.610001,230.300003,231.580002,223.405182,2274500
7,2020-01-06,229.929993,234.020004,229.490005,233.949997,225.691483,3329300
7,2020-01-07,235.000000,237.770004,234.759995,235.490005,227.177155,5255200
7,2020-01-08,235.679993,239.750000,235.479996,237.759995,229.367004,3564700
7,2020-01-09,241.339996,243.399994,239.820007,242.600006,234.036163,3980700
7,2020-01-10,242.750000,243.389999,241.389999,242.110001,233.563461,2248100
7,2020-01-13,244.440002,246.110001,243.000000,245.210007,236.554031,3359200
7,2020-01-14,245.320007,248.520004,244.600006,245.660004,236.988129,4302800
7,2020-01-15,242.000000,249.500000,239.160004,245.210007,236.554031,5411200
7,2020-01-16,247.009995,249.820007,246.229996,249.720001,240.904816,3968400
7,2020-01-17,250.229996,250.460007,248.000000,249.460007,240.653992,3108400
7,2020-01-21,247.210007,248.850006,245.600006,245.699997,237.026718,2492400
7,2020-01-22,246.610001,248.520004,246.339996,247.050003,238.329056,2030900
7,2020-01-23,244.500000,247.000000,242.880005,245.580002,236.910965,2806800
7,2020-01-24,245.070007,245.710007,240.600006,241.919998,233.380157,2877400
7,2020-01-27,236.369995,238.990005,235.009995,238.139999,229.733582,2506200
7,2020-01-28,239.490005,243.580002,238.050003,242.580002,234.016861,3123000
7,2020-01-29,244.520004,246.500000,239.570007,240.119995,231.643692,3711600
7,2020-01-30,237.690002,244.339996,236.729996,244.130005,235.512146,3261700
7,2020-01-31,241.990005,242.889999,236.880005,237.750000,229.357346,3482800
7,2020-02-03,238.360001,242.389999,238.050003,239.009995,230.572861,2733000
7,2020-02-04,242.880005,243.740005,241.550003,241.940002,233.399445,3052500
7,2020-02-05,244.990005,245.130005,243.000000,244.300003,235.676132,3126600
7,2020-02-06,245.350006,245.770004,241.179993,241.820007,233.283691,2225600
7,2020-02-07,239.750000,240.520004,236.550003,238.000000,229.598526,3006500
7,2020-02-10,237.399994,237.869995,235.460007,237.360001,228.981125,2591300
7,2020-02-11,239.000000,239.550003,236.220001,236.460007,228.112869,2238800
7,2020-02-12,238.009995,241.179993,237.720001,238.649994,230.225586,2119200
7,2020-02-13,237.850006,238.970001,236.570007,238.350006,229.936188,1461300
7,2020-02-14,237.940002,239.009995,236.229996,237.080002,228.710999,1718700
7,2020-02-18,236.550003,237.070007,231.199997,233.210007,224.977631,2736500
7,2020-02-19,235.000000,237.800003,233.279999,237.330002,228.952179,2207100
7,2020-02-20,236.410004,236.899994,231.250000,232.729996,224.514557,3183700
7,2020-02-21,230.910004,231.800003,228.369995,230.619995,222.479050,3081600
7,2020-02-24,223.229996,226.690002,222.539993,224.539993,216.613678,4139400
7,2020-02-25,224.779999,225.869995,215.889999,217.610001,209.928314,5343100
7,2020-02-26,218.699997,220.000000,214.759995,215.779999,208.162903,4171100
7,2020-02-27,210.490005,213.479996,205.369995,205.690002,198.429077,5848200
7,2020-02-28,199.089996,202.250000,194.850006,200.770004,194.866974,6727100
7,2020-03-02,201.410004,209.619995,197.630005,209.470001,203.311203,5285500
7,2020-03-03,209.000000,211.789993,202.119995,203.429993,197.448776,5677200
7,2020-03-04,205.839996,208.919998,202.699997,208.740005,202.602661,3520400
7,2020-03-05,201.330002,203.470001,196.949997,198.789993,192.945221,4151500
7,2020-03-06,190.679993,196.300003,189.279999,192.850006,187.179871,5071900
7,2020-03-09,173.580002,179.250000,170.160004,172.809998,167.729065,6443000
7,2020-03-10,181.619995,185.399994,173.289993,184.350006,178.929749,6803900
7,2020-03-11,178.479996,180.770004,170.970001,171.889999,166.836105,5314000
7,2020-03-12,160.000000,166.750000,150.000000,150.679993,146.249725,8357700
7,2020-03-13,162.820007,177.559998,152.350006,177.169998,171.960876,6368400
7,2020-03-16,150.229996,169.539993,150.000000,154.660004,150.112701,6888000
7,2020-03-17,157.000000,166.740005,150.000000,158.669998,154.004807,6876300
7,2020-03-18,150.000000,155.970001,135.410004,140.020004,135.903152,9543200
7,2020-03-19,137.380005,152.490005,130.850006,149.490005,145.094711,6548200
7,2020-03-20,148.990005,149.190002,138.289993,138.410004,134.340500,7561300
7,2020-03-23,136.029999,141.940002,133.259995,134.970001,131.001633,5472600
7,2020-03-24,144.320007,153.899994,143.630005,153.600006,149.083878,6647400
7,2020-03-25,154.600006,162.210007,145.320007,155.130005,150.568893,8587800
7,2020-03-26,156.369995,167.660004,154.309998,165.789993,160.915482,6762200
7,2020-03-27,159.080002,163.729996,157.000000,158.339996,153.684509,4186700
7,2020-03-30,158.520004,160.429993,153.179993,159.619995,154.926880,4152800
7,2020-03-31,158.130005,161.100006,153.720001,154.589996,150.044754,3588200
7,2020-04-01,146.100006,149.570007,145.000000,145.289993,141.018188,4689100
7,2020-04-02,143.020004,150.449997,141.669998,149.929993,145.521759,4446900
7,2020-04-03,149.199997,150.919998,145.229996,146.929993,142.609985,2801600
7,2020-04-06,155.470001,158.929993,153.770004,158.229996,153.577744,4689400
7,2020-04-07,166.000000,169.139999,162.449997,166.020004,161.138702,4953500
7,2020-04-08,168.550003,178.100006,168.550003,176.960007,171.757065,5194800
7,2020-04-09,180.580002,187.330002,179.770004,184.259995,178.842377,6445800
7,2020-04-13,183.850006,184.970001,179.130005,179.179993,173.911774,4774300
7,2020-04-14,182.350006,183.380005,174.539993,178.229996,172.989716,4149600
7,2020-04-15,170.630005,181.679993,169.149994,178.520004,173.271179,6042700
7,2020-04-16,177.220001,178.440002,172.389999,177.039993,171.834702,4662200
7,2020-04-17,183.490005,185.279999,178.289993,183.490005,178.095047,5426700
7,2020-04-20,179.699997,186.320007,178.020004,180.399994,175.095901,4674800
7,2020-04-21,175.440002,179.199997,173.660004,173.809998,168.699661,3819000
7,2020-04-22,177.500000,178.179993,174.470001,175.979996,170.805862,2314500
7,2020-04-23,177.000000,179.070007,174.449997,175.050003,169.903214,2013300
7,2020-04-24,177.000000,177.949997,173.490005,177.000000,171.795868,2024400
7,2020-04-27,179.100006,184.250000,178.720001,183.539993,178.143570,2743100
7,2020-04-28,189.160004,190.419998,184.869995,187.009995,181.511536,3344700
7,2020-04-29,192.610001,193.720001,189.570007,190.029999,184.442749,3086300
7,2020-04-30,186.000000,187.550003,182.899994,183.419998,178.027100,2695400
7,2020-05-01,179.000000,179.600006,176.649994,177.100006,171.892944,2650200
7,2020-05-04,175.000000,176.309998,171.720001,176.029999,170.854401,2990100
7,2020-05-05,179.100006,182.600006,178.139999,178.300003,173.057663,3272600
7,2020-05-06,179.679993,181.199997,175.210007,176.919998,171.718231,2408700
7,2020-05-07,179.179993,183.380005,179.179993,182.320007,176.959457,2480100
7,2020-05-08,185.029999,185.910004,182.740005,185.389999,179.939194,2277500
7,2020-05-11,182.539993,184.850006,181.259995,183.160004,177.774750,2212200
7,2020-05-12,183.889999,184.300003,176.750000,177.210007,171.999710,3549200
7,2020-05-13,175.660004,176.880005,170.759995,171.800003,166.748764,3445300
7,2020-05-14,169.039993,174.779999,165.360001,174.449997,169.320847,4176700
7,2020-05-15,173.479996,174.089996,170.580002,171.869995,166.816696,2867800
7,2020-05-18,177.710007,183.100006,175.240005,181.880005,176.532410,4505800
7,2020-05-19,180.559998,182.190002,177.720001,177.830002,172.601471,2210500
7,2020-05-20,180.949997,183.830002,180.300003,181.440002,176.105362,2599900
7,2020-05-21,180.199997,181.169998,177.679993,180.100006,174.804733,2153500
7,2020-05-22,180.029999,180.639999,178.059998,179.929993,174.639725,2176400
7,2020-05-26,185.630005,197.100006,185.220001,196.059998,190.295456,5971200
7,2020-05-27,203.000000,210.710007,200.009995,209.660004,203.495621,8182100
7,2020-05-28,210.839996,211.309998,201.210007,201.220001,195.303772,4886100
7,2020-05-29,197.229996,200.919998,194.649994,196.490005,191.904968,3822600
7,2020-06-01,197.309998,201.770004,195.119995,199.929993,195.264664,2230800
7,2020-06-02,203.770004,206.500000,201.320007,204.139999,199.376465,4128700
7,2020-06-03,208.490005,211.929993,206.429993,210.570007,205.656418,3471900
7,2020-06-04,208.789993,214.990005,207.960007,214.820007,209.807236,3522300
7,2020-06-05,222.000000,222.979996,217.660004,217.919998,212.834885,4737600
7,2020-06-08,220.020004,222.259995,218.240005,220.809998,215.657455,3260300
7,2020-06-09,215.740005,220.020004,215.160004,218.100006,213.010712,2478400
7,2020-06-10,217.389999,219.850006,212.800003,213.520004,208.537582,3091200
7,2020-06-11,204.699997,206.899994,194.020004,194.130005,189.600037,4923400
7,2020-06-12,200.619995,202.940002,196.210007,201.779999,197.071518,3380800
7,2020-06-15,195.729996,206.990005,195.149994,206.309998,201.495804,3467400
7,2020-06-16,214.979996,214.979996,203.729996,209.589996,204.699265,3099100
7,2020-06-17,210.000000,210.789993,205.440002,206.190002,201.378632,1798300
7,2020-06-18,203.990005,207.259995,202.669998,203.839996,199.083450,2051700
7,2020-06-19,207.050003,207.419998,200.970001,201.630005,196.925018,4962400
7,2020-06-22,200.990005,204.580002,200.000000,203.419998,198.673248,1806900
7,2020-06-23,206.500000,207.509995,203.639999,204.779999,200.001526,2451800
7,2020-06-24,202.339996,202.610001,197.380005,198.020004,193.399277,2756700
7,2020-06-25,197.860001,207.389999,197.610001,207.100006,202.267410,3466500
7,2020-06-26,199.000000,200.240005,188.509995,189.190002,184.775299,9530700
7,2020-06-29,191.380005,193.899994,188.660004,193.470001,188.955444,3736000
7,2020-06-30,193.839996,198.410004,193.619995,197.619995,193.008606,3102800
7,2020-07-01,198.880005,199.740005,195.520004,197.570007,192.959793,2620100
7,2020-07-02,202.500000,203.000000,197.130005,197.399994,192.793732,2699400
7,2020-07-06,201.339996,207.789993,201.130005,207.360001,202.521301,3567700
7,2020-07-07,205.500000,205.710007,199.190002,199.360001,194.708008,2853500
7,2020-07-08,199.539993,203.250000,199.020004,202.250000,197.530533,2789700
7,2020-07-09,202.110001,202.500000,195.000000,196.830002,192.237030,3160100
7,2020-07-10,196.869995,206.320007,196.830002,205.559998,200.763336,4414800
7,2020-07-13,209.000000,212.979996,207.000000,208.880005,204.005844,4449600
7,2020-07-14,211.429993,214.300003,207.009995,214.009995,209.016144,5202000
7,2020-07-15,224.369995,225.240005,214.690002,216.899994,211.838684,12516700
7,2020-07-16,213.509995,220.460007,213.500000,214.669998,209.660736,5769600
7,2020-07-17,214.899994,215.169998,211.250000,211.410004,206.476837,3614300
7,2020-07-20,210.729996,213.169998,210.250000,211.710007,206.769821,2268700
7,2020-07-21,212.250000,213.809998,210.389999,212.020004,207.072571,3393500
7,2020-07-22,210.500000,211.000000,205.350006,206.000000,201.193054,4978400
7,2020-07-23,205.100006,206.020004,202.050003,203.020004,198.282593,4088600
7,2020-07-24,203.000000,204.929993,201.320007,201.470001,196.768753,3191500
7,2020-07-27,200.100006,204.179993,199.589996,203.020004,198.282593,2601200
7,2020-07-28,201.910004,203.600006,201.089996,201.619995,196.915253,2139600
7,2020-07-29,201.699997,203.889999,199.619995,202.580002,197.852859,2635000
7,2020-07-30,199.500000,199.990005,196.300003,199.529999,194.874023,3057900
7,2020-07-31,199.839996,199.839996,196.509995,197.960007,193.340668,2399700
7,2020-08-03,198.490005,199.880005,196.529999,199.389999,194.737305,2294600
7,2020-08-04,199.350006,201.720001,198.479996,201.639999,196.934784,1944700
7,2020-08-05,203.169998,204.809998,203.009995,204.520004,199.747589,2232400
7,2020-08-06,205.000000,206.289993,203.830002,204.250000,199.483902,1882400
7,2020-08-07,203.479996,208.800003,202.449997,208.270004,203.410095,3075000
7,2020-08-10,209.589996,210.639999,208.039993,209.380005,204.494171,2432800
7,2020-08-11,212.720001,216.949997,210.529999,211.059998,206.134964,4042700
7,2020-08-12,214.699997,215.949997,209.270004,212.130005,207.180023,2439400
7,2020-08-13,210.410004,212.199997,207.690002,208.389999,203.527283,2219900
7,2020-08-14,207.460007,209.479996,206.610001,207.970001,203.117096,2287600
7,2020-08-17,207.000000,207.850006,202.529999,203.070007,198.331436,3922600
7,2020-08-18,203.449997,203.580002,201.100006,201.309998,196.612488,3067900
7,2020-08-19,202.399994,206.100006,201.770004,203.020004,198.282593,2458500
7,2020-08-20,200.759995,203.279999,200.339996,201.850006,197.139877,1764200
7,2020-08-21,200.110001,203.350006,199.820007,202.429993,197.706360,1780900
7,2020-08-24,203.110001,207.429993,201.320007,207.339996,202.501785,3097400
7,2020-08-25,209.990005,210.490005,205.169998,206.000000,201.193054,2627600
7,2020-08-26,205.889999,207.279999,205.029999,207.220001,202.384567,2563200
7,2020-08-27,206.679993,213.000000,206.410004,210.149994,205.246201,3692400
7,2020-08-28,211.889999,212.000000,207.089996,207.710007,202.863144,3697400
7,2020-08-31,205.500000,206.410004,203.630005,204.869995,201.300858,3046200
7,2020-09-01,203.600006,206.710007,203.009995,205.460007,201.880569,2457000
7,2020-09-02,205.789993,210.929993,205.369995,210.039993,206.380783,3565200
7,2020-09-03,211.750000,215.229996,205.830002,207.559998,203.943985,3533500
7,2020-09-04,210.889999,213.350006,205.320007,210.940002,207.265091,3668900
7,2020-09-08,209.509995,209.960007,201.270004,202.479996,198.952469,4574700
7,2020-09-09,204.190002,204.830002,202.029999,202.220001,198.697021,4681400
7,2020-09-10,203.729996,205.350006,199.550003,200.009995,196.525497,2510300
7,2020-09-11,200.240005,201.910004,198.949997,200.919998,197.419647,2376400
7,2020-09-14,203.300003,203.300003,200.669998,201.339996,197.832336,2756900
7,2020-09-15,202.000000,202.589996,197.979996,198.000000,194.550522,3717600
7,2020-09-16,198.490005,203.800003,198.070007,200.679993,197.183838,3571400
7,2020-09-17,198.210007,199.889999,194.509995,194.830002,191.435760,4274800
7,2020-09-18,195.009995,196.649994,192.380005,194.860001,191.465240,9066300
7,2020-09-21,189.899994,194.169998,187.470001,194.000000,190.620224,4871300
7,2020-09-22,194.000000,196.139999,188.429993,191.619995,188.281662,3355800
7,2020-09-23,192.000000,192.919998,185.869995,186.119995,182.877472,3116100
7,2020-09-24,188.979996,197.460007,187.050003,195.110001,191.710861,5114600
7,2020-09-25,192.960007,195.389999,189.610001,194.949997,191.553650,3106000
7,2020-09-28,197.779999,201.869995,197.149994,199.070007,195.601898,3280100
7,2020-09-29,198.160004,198.770004,195.429993,196.789993,193.361618,2400000
7,2020-09-30,198.679993,203.080002,198.360001,200.970001,197.468811,3075800
7,2020-10-01,201.529999,203.130005,197.869995,198.550003,195.090942,2288700
7,2020-10-02,195.339996,200.699997,195.289993,199.899994,196.417435,2541200
7,2020-10-05,201.929993,202.839996,199.589996,201.800003,198.284332,2551600
7,2020-10-06,204.250000,206.089996,199.899994,201.089996,197.586685,2833100
7,2020-10-07,203.899994,205.000000,201.169998,203.600006,200.052979,2326600
7,2020-10-08,205.149994,208.160004,204.110001,207.979996,204.356644,2330600
7,2020-10-09,208.759995,209.809998,206.070007,207.539993,203.924316,3040900
7,2020-10-12,207.410004,214.889999,207.410004,214.119995,210.389694,3474200
7,2020-10-13,214.009995,214.110001,209.179993,210.809998,207.137360,3317300
7,2020-10-14,213.880005,214.449997,210.270004,211.229996,207.550034,7550100
7,2020-10-15,209.580002,210.729996,206.899994,208.600006,204.965866,4325700
7,2020-10-16,208.320007,210.000000,205.809998,206.210007,202.617508,3244500
7,2020-10-19,207.389999,207.910004,204.589996,205.690002,202.106552,3235300
7,2020-10-20,206.699997,211.380005,206.470001,208.029999,204.405792,3335500
7,2020-10-21,207.389999,207.949997,202.009995,202.910004,199.374985,3083600
7,2020-10-22,203.199997,206.369995,202.199997,205.399994,201.821609,2136900
7,2020-10-23,206.759995,208.210007,204.020004,205.039993,201.467865,2110200
7,2020-10-26,202.490005,202.809998,198.509995,201.139999,197.635834,3249700
7,2020-10-27,200.000000,200.589996,195.410004,195.679993,192.270935,3430400
7,2020-10-28,191.309998,193.369995,188.940002,189.770004,186.463913,4214600
7,2020-10-29,189.800003,192.350006,186.899994,189.940002,186.630951,3581200
7,2020-10-30,189.509995,190.399994,185.520004,189.039993,185.746628,3658800
7,2020-11-02,192.000000,192.699997,188.229996,190.199997,186.886414,2459600
7,2020-11-03,193.940002,199.000000,193.220001,197.929993,194.481735,4545500
7,2020-11-04,196.250000,200.820007,194.899994,197.869995,194.422806,3868500
7,2020-11-05,199.649994,204.119995,199.059998,202.960007,199.424118,2892800
7,2020-11-06,204.339996,204.389999,200.419998,201.259995,197.753723,2475100
7,2020-11-09,214.490005,218.000000,209.369995,214.929993,211.185577,6960500
7,2020-11-10,215.250000,218.380005,211.179993,217.470001,213.681335,4166500
7,2020-11-11,218.639999,219.919998,215.029999,218.050003,214.251251,2680700
7,2020-11-12,215.220001,216.860001,212.399994,214.509995,210.772888,3005500
7,2020-11-13,215.850006,220.960007,215.410004,219.080002,215.263275,2832100
7,2020-11-16,223.529999,224.600006,220.029999,222.380005,218.505798,3004700
7,2020-11-17,220.020004,224.850006,218.330002,224.649994,220.736237,2722900
7,2020-11-18,225.000000,227.720001,223.509995,224.300003,220.392334,2856200
7,2020-11-19,224.300003,224.940002,222.110001,224.570007,220.657639,1505200
7,2020-11-20,223.000000,224.809998,222.630005,223.350006,219.458893,1848100
7,2020-11-23,226.059998,230.000000,225.729996,228.830002,224.843430,3371300
7,2020-11-24,231.100006,238.119995,230.630005,237.500000,233.362396,3915200
7,2020-11-25,235.000000,237.449997,232.429993,236.539993,232.419098,2272800
7,2020-11-27,237.000000,237.300003,233.789993,235.399994,231.298950,1050400
7,2020-11-30,232.050003,235.000000,230.360001,230.580002,226.562927,2705400
7,2020-12-01,231.960007,234.869995,231.350006,232.080002,229.279770,2577600
7,2020-12-02,232.080002,238.130005,231.580002,237.649994,234.782532,2136300
7,2020-12-03,237.289993,238.850006,234.639999,235.470001,232.628845,2142600
7,2020-12-04,237.699997,239.750000,236.949997,239.580002,236.689255,2373000
7,2020-12-07,238.539993,239.850006,235.449997,238.449997,235.572891,1788600
7,2020-12-08,237.009995,239.190002,236.580002,238.839996,235.958176,1371800
7,2020-12-09,240.000000,245.360001,239.529999,242.820007,239.890182,3552300
7,2020-12-10,240.000000,245.179993,239.509995,244.399994,241.451096,2541700
7,2020-12-11,240.809998,241.199997,237.100006,239.990005,237.094315,2077300
7,2020-12-14,243.279999,243.500000,237.389999,237.789993,234.920837,1927800
7,2020-12-15,239.500000,243.610001,237.190002,242.429993,239.504883,2348000
7,2020-12-16,243.559998,243.899994,241.119995,243.770004,240.828705,2400900
7,2020-12-17,245.000000,245.929993,243.000000,244.429993,241.480728,2983600
7,2020-12-18,245.389999,245.389999,240.559998,242.130005,239.208511,4088100
7,2020-12-21,250.289993,260.850006,248.759995,256.980011,253.879333,7408500
7,2020-12-22,256.859985,257.700012,249.800003,250.089996,247.072449,3599800
7,2020-12-23,251.500000,260.579987,251.300003,256.450012,253.355728,3376100
7,2020-12-24,257.040009,257.619995,253.750000,256.160004,253.069214,968100
7,2020-12-28,257.809998,262.649994,257.000000,259.589996,256.457825,2793400
7,2020-12-29,260.260010,260.859985,256.500000,258.010010,254.896896,1430900
7,2020-12-30,258.809998,260.649994,257.829987,259.450012,256.319519,1566500
7,2020-12-31,258.799988,263.929993,258.000000,263.709991,260.528107,2043100
7,2021-01-04,267.000000,267.579987,260.160004,265.000000,261.802551,3572000
7,2021-01-05,263.880005,273.500000,262.570007,270.929993,267.660980,4207100
7,2021-01-06,276.290009,288.380005,273.100006,285.549988,282.104584,6383500
7,2021-01-07,287.769989,295.890015,286.679993,291.649994,288.130981,4009700
7,2021-01-08,292.000000,292.279999,285.059998,290.079987,286.579926,2800800
7,2021-01-11,286.799988,295.000000,284.200012,293.829987,290.284668,2649700
7,2021-01-12,297.140015,303.980011,296.019989,302.209991,298.563568,4814400
7,2021-01-13,300.079987,303.720001,299.100006,302.940002,299.284760,2413800
7,2021-01-14,304.049988,309.410004,303.540009,307.869995,304.155243,3192200
7,2021-01-15,301.190002,304.859985,296.880005,301.010010,297.378082,3863700
7,2021-01-19,305.000000,306.600006,293.799988,294.200012,290.650238,6727800
7,2021-01-20,295.820007,297.450012,287.480011,290.470001,286.965240,4792600
7,2021-01-21,290.450012,292.739990,288.529999,289.369995,285.878510,2516000
7,2021-01-22,286.690002,290.589996,285.500000,289.390015,285.898285,2568800
7,2021-01-25,285.529999,286.350006,277.500000,283.040009,279.624878,4575000
7,2021-01-26,283.929993,285.769989,280.079987,281.760010,278.360352,3296800
7,2021-01-27,276.000000,277.369995,271.320007,273.329987,270.032043,3891800
7,2021-01-28,274.609985,279.829987,271.329987,275.019989,271.701630,3778700
7,2021-01-29,274.269989,277.399994,270.619995,271.170013,267.898102,3412000
7,2021-02-01,272.660004,276.799988,272.000000,274.730011,271.415131,2324100
7,2021-02-02,278.320007,288.250000,278.000000,286.970001,283.507477,5195500
7,2021-02-03,286.609985,289.809998,285.179993,288.549988,285.068390,2712800
7,2021-02-04,290.000000,295.829987,289.519989,293.750000,290.205688,2994700
7,2021-02-05,295.000000,297.239990,292.190002,293.500000,289.958679,2938100
7,2021-02-08,295.000000,300.890015,294.500000,300.149994,296.528442,2826200
7,2021-02-09,299.600006,302.450012,297.700012,300.459991,296.834656,2071700
7,2021-02-10,300.000000,305.179993,297.750000,304.279999,300.608612,3213700
7,2021-02-11,303.980011,305.010010,299.170013,302.320007,298.672241,2159900
7,2021-02-12,301.989990,306.700012,301.769989,306.320007,302.623993,1977300
7,2021-02-16,310.000000,312.920013,309.220001,311.959991,308.195923,2792200
7,2021-02-17,310.029999,314.980011,308.760010,312.739990,308.966492,2333100
7,2021-02-18,309.220001,314.500000,307.579987,309.899994,306.160767,2093300
7,2021-02-19,310.230011,316.779999,310.230011,315.619995,311.811768,2749500
7,2021-02-22,313.000000,320.559998,312.209991,316.869995,313.046692,3162300
7,2021-02-23,317.980011,320.000000,310.579987,319.209991,315.358459,2942500
7,2021-02-24,320.170013,330.970001,320.100006,330.640015,326.650574,3934400
7,2021-02-25,333.329987,335.809998,326.290009,327.760010,323.805298,4244000
7,2021-02-26,325.769989,328.679993,319.040009,319.480011,315.625214,3732200
7,2021-03-01,325.000000,331.040009,323.309998,329.920013,327.219513,2957800
7,2021-03-02,330.000000,336.190002,329.510010,330.940002,328.231171,2850300
7,2021-03-03,333.679993,340.100006,333.250000,334.429993,331.692596,3606300
7,2021-03-04,333.130005,339.760010,323.920013,329.290009,326.594696,3647600
7,2021-03-05,335.579987,335.579987,316.459991,327.369995,324.690399,3740200
7,2021-03-08,331.359985,337.589996,329.100006,334.190002,331.454590,2998000
7,2021-03-09,328.619995,336.390015,325.570007,330.589996,327.884033,3324800
7,2021-03-10,332.070007,342.399994,331.529999,342.019989,339.220459,3153100
7,2021-03-11,338.660004,345.000000,336.459991,342.100006,339.299835,2756600
7,2021-03-12,345.220001,350.000000,343.640015,348.809998,345.954895,2436700
7,2021-03-15,349.440002,352.420013,342.000000,346.049988,343.217468,2276200
7,2021-03-16,345.279999,346.899994,337.750000,341.709991,338.912994,2332600
7,2021-03-17,344.619995,347.029999,340.399994,344.950012,342.126526,2710900
7,2021-03-18,350.750000,356.850006,346.989990,348.000000,345.151520,3713000
7,2021-03-19,346.420013,347.239990,340.630005,344.200012,341.382629,3513000
7,2021-03-22,341.059998,342.880005,336.000000,339.329987,336.552490,2094500
7,2021-03-23,337.619995,341.890015,331.329987,331.769989,329.054352,2457500
7,2021-03-24,333.420013,336.940002,328.440002,328.649994,325.959930,3332200
7,2021-03-25,327.350006,331.390015,321.920013,330.549988,327.844360,2804700
7,2021-03-26,334.510010,335.450012,322.690002,327.390015,324.710266,3082600
7,2021-03-29,320.350006,327.760010,317.720001,325.730011,323.063843,4533200
7,2021-03-30,329.410004,335.750000,328.850006,332.010010,329.292419,2717300
7,2021-03-31,330.230011,332.649994,325.440002,327.000000,324.323425,2624500
7,2021-04-01,324.299988,329.660004,324.160004,327.640015,324.958191,2659000
7,2021-04-05,332.850006,332.850006,323.049988,323.540009,320.891754,3235000
7,2021-04-06,324.489990,328.540009,324.000000,327.059998,324.382935,1801700
7,2021-04-07,327.700012,329.200012,323.350006,326.549988,323.877075,2157300
7,2021-04-08,324.290009,331.489990,322.970001,331.140015,328.429535,2402800
7,2021-04-09,334.000000,334.899994,328.790009,330.809998,328.102234,2347100
7,2021-04-12,332.670013,334.480011,329.940002,331.839996,329.123810,2318800
7,2021-04-13,329.510010,330.049988,324.179993,327.679993,324.997864,3575900
7,2021-04-14,328.549988,344.470001,326.149994,335.350006,332.605103,9876800
7,2021-04-15,338.899994,341.350006,334.540009,338.549988,335.778870,4354800
7,2021-04-16,340.290009,343.739990,338.619995,342.309998,339.508087,4231900
7,2021-04-19,340.000000,344.429993,336.600006,343.089996,340.281708,3228200
7,2021-04-20,339.970001,340.470001,329.350006,331.880005,329.163483,3662300
7,2021-04-21,330.000000,335.470001,327.559998,335.269989,332.525696,2733300
7,2021-04-22,334.619995,336.970001,330.290009,330.850006,328.141907,2165200
7,2021-04-23,331.250000,340.670013,330.720001,339.350006,336.572327,2163800
7,2021-04-26,341.940002,345.899994,340.890015,343.519989,340.708160,2171500
7,2021-04-27,344.000000,347.549988,343.660004,346.630005,343.792725,2088600
7,2021-04-28,348.000000,350.119995,346.089996,348.109985,345.260620,2140900
7,2021-04-29,350.549988,353.829987,347.480011,352.970001,350.080841,2584400
7,2021-04-30,351.119995,352.820007,347.200012,348.450012,345.597870,2101100
7,2021-05-03,350.339996,354.059998,349.260010,350.160004,347.293854,1871700
7,2021-05-04,348.899994,351.779999,342.570007,349.839996,346.976440,2831400
7,2021-05-05,352.000000,359.140015,348.549988,357.619995,354.692780,2786800
7,2021-05-06,359.769989,366.299988,356.500000,365.970001,362.974426,3048700
7,2021-05-07,362.299988,371.649994,360.929993,370.890015,367.854187,3378100
7,2021-05-10,373.500000,376.980011,368.500000,368.679993,365.662231,3396300
7,2021-05-11,363.000000,368.630005,358.619995,359.920013,356.973999,3734300
7,2021-05-12,363.070007,368.130005,353.269989,354.399994,351.499115,3309800
7,2021-05-13,353.250000,360.890015,353.250000,358.809998,355.873047,2673900
7,2021-05-14,362.000000,369.510010,361.700012,368.769989,365.751526,2732300
7,2021-05-17,367.779999,370.700012,364.500000,369.250000,366.227600,1826100
7,2021-05-18,371.380005,373.079987,364.000000,364.559998,361.575989,2018600
7,2021-05-19,360.000000,360.000000,353.929993,358.380005,355.446594,3696000
7,2021-05-20,358.980011,361.950012,353.350006,359.779999,356.835114,1919600
7,2021-05-21,361.489990,367.140015,360.510010,366.260010,363.262054,2657500
7,2021-05-24,367.320007,369.720001,365.510010,368.290009,365.275452,1834300
7,2021-05-25,369.910004,373.769989,364.089996,364.510010,361.526398,2631000
7,2021-05-26,365.000000,368.790009,361.910004,367.399994,364.392731,2121200
7,2021-05-27,371.329987,373.549988,367.299988,371.369995,368.330231,3897000
7,2021-05-28,372.000000,373.070007,368.260010,372.019989,370.221039,2169700
7,2021-06-01,377.700012,383.359985,376.309998,382.440002,380.590668,3644000
7,2021-06-02,383.329987,384.670013,379.369995,383.440002,381.585846,2809700
7,2021-06-03,382.250000,391.250000,380.130005,388.720001,386.840302,3003900
7,2021-06-04,389.679993,392.049988,386.320007,391.450012,389.557129,2514100
7,2021-06-07,393.000000,393.260010,387.549988,388.160004,386.283020,2188700
7,2021-06-08,385.790009,386.480011,382.220001,384.700012,382.839752,2452600
7,2021-06-09,383.160004,384.269989,378.880005,382.779999,380.929016,2025900
7,2021-06-10,389.640015,389.640015,372.350006,373.940002,372.131775,3900800
7,2021-06-11,375.700012,378.750000,375.109985,378.049988,376.221893,2117300
7,2021-06-14,377.429993,378.750000,370.700012,372.920013,371.116730,2560500
7,2021-06-15,373.500000,374.839996,367.160004,371.299988,369.504517,2302900
7,2021-06-16,370.989990,374.079987,365.250000,371.000000,369.205994,3264200
7,2021-06-17,373.519989,373.519989,356.549988,361.500000,359.751923,4146300
7,2021-06-18,356.519989,358.380005,348.130005,348.829987,347.143188,6290100
7,2021-06-21,352.890015,357.970001,351.040009,357.540009,355.811096,2717300
7,2021-06-22,357.000000,359.880005,352.640015,357.529999,355.801117,1870800
7,2021-06-23,358.790009,362.480011,357.660004,361.049988,359.304108,1713100
7,2021-06-24,363.000000,370.880005,362.779999,368.750000,366.966858,2716600
7,2021-06-25,368.820007,371.149994,364.540009,368.769989,366.986755,2782400
7,2021-06-28,367.799988,368.869995,363.859985,368.709991,366.927063,1833400
7,2021-06-29,374.859985,378.089996,370.750000,372.619995,370.818146,2365900
7,2021-06-30,370.899994,380.109985,370.899994,379.529999,377.694733,2238400
7,2021-07-01,380.700012,381.640015,374.149994,374.989990,373.176697,2571000
7,2021-07-02,376.309998,376.600006,372.420013,374.160004,372.350708,1598900
7,2021-07-06,373.230011,373.630005,365.410004,369.859985,368.071503,2162900
7,2021-07-07,367.500000,370.089996,362.179993,367.670013,365.892120,2012800
7,2021-07-08,359.690002,362.890015,355.589996,358.940002,357.204315,2940500
7,2021-07-09,366.000000,372.149994,364.950012,371.760010,369.962311,2641800
7,2021-07-12,370.309998,384.000000,367.329987,380.500000,378.660065,4135900
7,2021-07-13,381.059998,385.329987,372.010010,375.980011,374.161926,6466800
7,2021-07-14,378.750000,381.769989,371.390015,374.399994,372.589539,3295700
7,2021-07-15,371.239990,378.750000,370.570007,373.350006,371.544647,2183900
7,2021-07-16,374.929993,374.929993,363.829987,364.799988,363.035950,2583300
7,2021-07-19,354.000000,355.190002,349.000000,354.720001,353.004730,4394600
7,2021-07-20,352.269989,367.309998,351.540009,364.760010,362.996185,2937900
7,2021-07-21,368.040009,374.899994,367.929993,373.500000,371.693909,2398800
7,2021-07-22,372.299988,373.690002,368.450012,372.709991,370.907715,1887100
7,2021-07-23,374.589996,378.000000,371.380005,374.049988,372.241241,1706900
7,2021-07-26,373.179993,376.679993,373.109985,375.899994,374.082275,1559100
7,2021-07-27,372.500000,375.140015,369.220001,374.839996,373.027405,1791800
7,2021-07-28,375.809998,377.440002,372.339996,374.230011,372.420380,1668900
7,2021-07-29,377.029999,379.510010,374.809998,377.549988,375.724304,1296600
7,2021-07-30,376.570007,379.950012,373.059998,374.880005,373.067230,1474900
7,2021-08-02,376.170013,386.929993,375.750000,378.190002,376.361237,2383200
7,2021-08-03,380.250000,381.309998,371.769989,380.359985,378.520721,1494600
7,2021-08-04,378.480011,382.649994,375.760010,377.859985,376.032806,1460500
7,2021-08-05,380.149994,384.309998,379.950012,384.299988,382.441650,1583800
7,2021-08-06,388.880005,398.859985,388.640015,397.890015,395.965973,3654800
7,2021-08-09,396.589996,404.600006,393.579987,399.880005,397.946350,3319100
7,2021-08-10,400.119995,410.630005,399.500000,407.970001,405.997223,3152300
7,2021-08-11,408.799988,414.679993,407.059998,413.890015,411.888611,3000500
7,2021-08-12,414.380005,418.619995,410.559998,415.000000,412.993225,2312800
7,2021-08-13,416.000000,416.890015,408.179993,410.779999,408.793640,1979400
7,2021-08-16,408.989990,408.989990,402.149994,408.350006,406.375397,1590700
7,2021-08-17,403.839996,408.350006,400.200012,404.970001,403.011719,2077400
7,2021-08-18,402.600006,406.109985,398.589996,398.799988,396.871552,2187800
7,2021-08-19,394.600006,397.730011,390.910004,393.570007,391.666870,2241500
7,2021-08-20,391.489990,396.450012,391.000000,395.869995,393.955719,1611500
7,2021-08-23,401.890015,404.100006,399.000000,401.450012,399.508759,1857600
7,2021-08-24,403.589996,409.660004,402.700012,408.559998,406.584351,1958400
7,2021-08-25,409.899994,416.679993,408.940002,413.119995,411.122314,1845300
7,2021-08-26,415.880005,420.730011,411.160004,412.410004,410.415741,2076500
7,2021-08-27,412.779999,419.850006,412.500000,419.690002,417.660553,2174500
7,2021-08-30,419.950012,420.760010,412.720001,413.600006,411.600006,2089400
7,2021-08-31,412.109985,414.859985,408.760010,413.510010,413.510010,1958100
7,2021-09-01,413.160004,416.109985,410.309998,413.660004,413.660004,1680400
7,2021-09-02,415.109985,417.579987,412.640015,414.500000,414.500000,1830400
7,2021-09-03,414.000000,415.119995,410.600006,411.309998,411.309998,1373600
7,2021-09-07,411.000000,414.730011,409.640015,410.320007,410.320007,1557000
7,2021-09-08,409.220001,410.980011,404.700012,405.000000,405.000000,1646200
7,2021-09-09,404.670013,408.880005,403.510010,404.579987,404.579987,2424600
7,2021-09-10,408.000000,409.790009,403.160004,403.480011,403.480011,1953700
7,2021-09-13,407.410004,409.369995,403.799988,409.260010,409.260010,1802800
7,2021-09-14,410.299988,417.010010,402.779999,403.690002,403.690002,3263200
7,2021-09-15,398.000000,403.609985,396.209991,401.950012,401.950012,3199800
7,2021-09-16,404.519989,405.980011,394.890015,396.679993,396.679993,2882900
7,2021-09-17,396.320007,399.160004,388.829987,391.459991,391.459991,3843700
7,2021-09-20,377.820007,380.859985,372.500000,378.130005,378.130005,3834500
7,2021-09-21,380.850006,381.500000,374.079987,375.839996,375.839996,2377300
7,2021-09-22,380.799988,389.290009,379.709991,385.470001,385.470001,2991300
7,2021-09-23,390.390015,393.739990,388.179993,391.859985,391.859985,2518000
7,2021-09-24,390.470001,392.489990,388.600006,390.850006,390.850006,1789700
7,2021-09-27,396.579987,401.000000,395.179993,399.809998,399.809998,2788500
7,2021-09-28,400.450012,404.209991,388.390015,389.500000,389.500000,2609000
7,2021-09-29,390.679993,392.390015,384.299988,384.890015,384.890015,1955000
7,2021-09-30,388.000000,388.019989,376.619995,378.029999,378.029999,2665700
7,2021-10-01,379.440002,382.720001,375.850006,380.000000,380.000000,2382300
7,2021-10-04,380.209991,386.869995,372.820007,374.149994,374.149994,2895600
7,2021-10-05,378.100006,388.220001,375.500000,385.809998,385.809998,2508100
7,2021-10-06,382.380005,389.549988,378.660004,388.049988,388.049988,2111800
7,2021-10-07,392.910004,397.850006,389.760010,390.619995,390.619995,2348000
7,2021-10-08,390.829987,394.309998,388.179993,392.809998,392.809998,1446300
7,2021-10-11,392.899994,396.950012,385.019989,385.239990,385.239990,1787400
7,2021-10-12,386.220001,388.589996,381.019989,386.529999,386.529999,2088200
7,2021-10-13,388.000000,388.380005,378.630005,386.309998,386.309998,2391600
7,2021-10-14,392.000000,393.660004,382.200012,391.200012,391.200012,3380900
7,2021-10-15,402.309998,407.269989,396.339996,406.070007,406.070007,6447400
7,2021-10-18,408.010010,415.940002,407.600006,413.690002,413.690002,3832300
7,2021-10-19,415.179993,415.850006,409.690002,412.160004,412.160004,2568300
7,2021-10-20,411.000000,414.329987,406.200012,407.890015,407.890015,2453400
7,2021-10-21,406.799988,412.660004,404.619995,407.589996,407.589996,2162100
7,2021-10-22,409.989990,415.359985,409.100006,414.320007,414.320007,2411000
7,2021-10-25,416.209991,419.489990,413.269989,414.750000,414.750000,1824700
7,2021-10-26,416.369995,419.809998,413.760010,417.609985,417.609985,1843300
7,2021-10-27,416.549988,418.059998,410.549988,410.989990,410.989990,2067200
7,2021-10-28,412.000000,414.920013,409.059998,414.820007,414.820007,1444700
7,2021-10-29,414.019989,415.959991,411.179993,413.350006,413.350006,2061200
7,2021-11-01,417.070007,418.730011,413.250000,416.700012,416.700012,1820800
7,2021-11-02,415.100006,426.160004,412.790009,423.850006,423.850006,3000800
7,2021-11-03,423.119995,424.000000,412.559998,417.899994,417.899994,3542400
7,2021-11-04,414.649994,415.989990,403.029999,408.070007,408.070007,3802300
7,2021-11-05,411.399994,414.450012,406.100006,407.079987,407.079987,2103700