5,2016-11-08,34.599998,34.950001,34.490002,34.740002,30.579321,14833100
5,2016-11-09,34.130001,34.849998,33.669998,34.750000,30.588135,25999400
5,2016-11-10,34.950001,34.950001,34.029999,34.500000,30.368071,28249900
5,2016-11-11,34.570000,34.869999,34.340000,34.610001,30.464891,22665000
5,2016-11-14,34.560001,34.730000,34.200001,34.480000,30.350466,22558900
5,2016-11-15,34.639999,35.290001,34.610001,34.910000,30.728958,20676100
5,2016-11-16,34.900002,34.919998,34.540001,34.840000,30.667347,18565500
5,2016-11-17,34.810001,35.020000,34.630001,35.020000,30.825794,15748500
5,2016-11-18,34.900002,35.000000,34.639999,34.950001,30.764175,16806900
5,2016-11-21,35.099998,35.200001,34.840000,34.980000,30.790583,14259500
5,2016-11-22,35.180000,35.500000,35.110001,35.480000,31.230696,22327400
5,2016-11-23,35.480000,35.520000,35.099998,35.200001,30.984236,15843100
5,2016-11-25,35.110001,35.450001,35.110001,35.439999,31.195492,6372800
5,2016-11-28,35.430000,35.660000,35.209999,35.509998,31.257113,13549000
5,2016-11-29,35.639999,35.639999,35.270000,35.310001,31.081057,19581000
5,2016-11-30,35.200001,35.299999,34.700001,34.700001,30.544115,27016100
5,2016-12-01,34.860001,34.930000,33.560001,33.759998,29.716688,29618700
5,2016-12-02,33.720001,34.259998,33.599998,34.160000,30.068787,21492500
5,2016-12-05,34.310001,34.419998,33.970001,34.389999,30.271240,14462000
5,2016-12-06,34.389999,34.750000,34.299999,34.720001,30.561718,15297700
5,2016-12-07,34.669998,35.570000,34.450001,35.500000,31.248301,21710300
5,2016-12-08,35.480000,36.029999,35.220001,35.700001,31.424341,19966500
5,2016-12-09,35.750000,35.900002,35.590000,35.759998,31.477161,16326900
5,2016-12-12,35.779999,36.090000,35.669998,35.970001,31.662010,21985800
5,2016-12-13,36.009998,36.889999,35.930000,36.799999,32.392612,35773600
5,2016-12-14,36.700001,36.889999,36.459999,36.549999,32.172550,30819400
5,2016-12-15,36.740002,37.160000,36.529999,36.790001,32.383808,23721500
5,2016-12-16,36.720001,36.869999,36.090000,36.310001,31.961290,38212800
5,2016-12-19,36.340000,36.950001,36.270000,36.889999,32.471840,18744300
5,2016-12-20,36.950001,37.240002,36.889999,37.209999,32.753498,18551800
5,2016-12-21,37.250000,37.349998,36.910000,36.980000,32.551048,14323600
5,2016-12-22,37.230000,37.240002,36.810001,36.930000,32.507042,10793900
5,2016-12-23,36.930000,36.980000,36.770000,36.970001,32.542255,6287300
5,2016-12-27,36.910000,37.330002,36.910000,37.070000,32.630264,9033700
5,2016-12-28,37.099998,37.200001,36.580002,36.630001,32.242966,12868600
5,2016-12-29,36.509998,36.720001,36.430000,36.660000,32.269375,8447300
5,2016-12-30,36.790001,36.799999,36.200001,36.270000,31.926086,17468000
5,2017-01-03,36.610001,36.930000,36.270000,36.599998,32.216553,20196500
5,2017-01-04,36.709999,36.770000,36.340000,36.410000,32.049320,15915700
5,2017-01-05,36.450001,36.720001,36.310001,36.349998,31.996500,13986000
5,2017-01-06,36.590000,36.680000,36.189999,36.480000,32.110935,15114000
5,2017-01-09,36.480000,36.889999,36.480000,36.610001,32.225357,19461400
5,2017-01-10,36.549999,36.930000,36.529999,36.540001,32.163750,15918800
5,2017-01-11,36.509998,37.000000,36.509998,36.950001,32.524647,22398400
5,2017-01-12,36.830002,36.830002,36.320000,36.709999,32.313381,20391900
5,2017-01-13,36.709999,36.860001,36.619999,36.790001,32.383808,15072200
5,2017-01-17,36.669998,36.830002,36.590000,36.799999,32.392612,20195200
5,2017-01-18,36.889999,37.009998,36.610001,36.759998,32.357395,15382500
5,2017-01-19,36.509998,36.910000,36.509998,36.570000,32.190151,13654500
5,2017-01-20,36.759998,37.029999,36.580002,36.939999,32.515831,23950900
5,2017-01-23,37.070000,37.209999,36.549999,36.770000,32.366199,27752600
5,2017-01-24,36.840000,37.740002,36.810001,37.619999,33.114399,35140900
5,2017-01-25,37.869999,38.000000,37.520000,37.799999,33.272835,32276400
5,2017-01-26,37.820000,37.919998,37.419998,37.560001,33.061581,34144800
5,2017-01-27,38.000000,38.450001,37.810001,37.980000,33.431278,44368600
5,2017-01-30,37.740002,37.840000,37.330002,37.419998,32.938347,23954700
5,2017-01-31,37.220001,37.369999,36.639999,36.820000,32.410217,27059100
5,2017-02-01,36.820000,36.950001,36.020000,36.520000,32.146137,28380600
5,2017-02-02,36.259998,36.700001,36.200001,36.680000,32.286976,31916900
5,2017-02-03,36.689999,36.820000,36.450001,36.520000,32.375626,21038100
5,2017-02-06,36.509998,36.509998,36.150002,36.270000,32.153996,21427000
5,2017-02-07,36.450001,36.520000,36.240002,36.349998,32.224926,18581900
5,2017-02-08,36.340000,36.650002,36.139999,36.380001,32.251522,20807400
5,2017-02-09,36.500000,36.500000,35.400002,35.459999,31.435917,47802700
5,2017-02-10,35.259998,35.430000,34.840000,35.340000,31.329538,44106500
5,2017-02-13,35.570000,35.849998,35.340000,35.799999,31.737335,28180600
5,2017-02-14,35.840000,35.959999,35.529999,35.930000,31.852585,25734800
5,2017-02-15,35.980000,36.060001,35.669998,36.049999,31.958961,18452200
5,2017-02-16,36.180000,36.560001,36.099998,36.410000,32.278114,21317500
5,2017-02-17,36.320000,36.480000,36.099998,36.480000,32.340160,18909900
5,2017-02-21,36.529999,36.650002,36.330002,36.520000,32.375626,20556000
5,2017-02-22,36.340000,36.400002,35.790001,36.070000,31.976694,29904400
5,2017-02-23,36.240002,36.299999,35.900002,36.180000,32.074219,22775000
5,2017-02-24,36.139999,36.529999,35.950001,36.529999,32.384502,18617600
5,2017-02-27,36.419998,36.680000,36.270000,36.509998,32.366756,14065200
5,2017-02-28,36.419998,36.459999,36.000000,36.200001,32.091946,24977000
5,2017-03-01,35.849998,36.099998,35.439999,35.930000,31.852585,34085900
5,2017-03-02,35.930000,36.020000,35.650002,35.910000,31.834846,23602100
5,2017-03-03,35.939999,36.090000,35.669998,35.900002,31.825991,17538100
5,2017-03-06,35.790001,35.799999,35.419998,35.570000,31.533438,24416700
5,2017-03-07,35.540001,35.799999,35.389999,35.799999,31.737335,23434900
5,2017-03-08,35.669998,35.900002,35.529999,35.619999,31.577761,20920100
5,2017-03-09,35.599998,35.939999,35.500000,35.820000,31.755066,23616800
5,2017-03-10,36.119999,36.299999,35.779999,35.910000,31.834846,25402300
5,2017-03-13,35.849998,36.040001,34.939999,35.160000,31.169964,53582900
5,2017-03-14,35.060001,35.230000,34.660000,35.180000,31.187698,28586900
5,2017-03-15,34.939999,35.169998,34.680000,35.099998,31.116774,27996100
5,2017-03-16,35.169998,35.360001,35.070000,35.139999,31.152229,19616100
5,2017-03-17,35.310001,35.330002,35.099998,35.270000,31.267483,30778900
5,2017-03-20,35.369999,35.630001,35.259998,35.430000,31.409317,17322300
5,2017-03-21,35.590000,35.599998,35.000000,35.040001,31.063593,22814500
5,2017-03-22,35.220001,35.459999,35.000000,35.369999,31.356133,19144500
5,2017-03-23,35.490002,35.490002,35.020000,35.270000,31.267483,20640400
5,2017-03-24,35.650002,35.730000,35.119999,35.160000,31.169964,22188000
5,2017-03-27,35.070000,35.500000,34.939999,35.389999,31.373865,16992200
5,2017-03-28,35.340000,35.709999,35.209999,35.599998,31.560034,18398100
5,2017-03-29,35.520000,35.700001,35.439999,35.570000,31.533438,17202600
5,2017-03-30,35.580002,35.889999,35.520000,35.750000,31.693016,16433000
5,2017-03-31,35.750000,36.250000,35.740002,36.070000,31.976694,21438400
5,2017-04-03,36.189999,36.740002,36.119999,36.160000,32.056477,32013600
5,2017-04-04,36.119999,36.380001,35.990002,36.279999,32.162865,18918000
5,2017-04-05,36.430000,36.759998,36.169998,36.220001,32.109669,22455500
5,2017-04-06,36.130001,36.279999,36.029999,36.029999,31.941238,20198200
5,2017-04-07,36.070000,36.320000,35.990002,36.029999,31.941238,15689500
5,2017-04-10,36.020000,36.090000,35.610001,35.799999,31.737335,19973700
5,2017-04-11,35.770000,35.790001,35.209999,35.740002,31.684145,22711800
5,2017-04-12,35.869999,36.009998,35.500000,35.630001,31.586624,19289800
5,2017-04-13,35.549999,35.759998,35.250000,35.250000,31.249758,15764000
5,2017-04-17,35.439999,35.590000,35.330002,35.480000,31.453650,12560700
5,2017-04-18,35.430000,35.810001,35.299999,35.770000,31.710743,12321100
5,2017-04-19,35.970001,36.220001,35.889999,35.910000,31.834846,16594600
5,2017-04-20,36.180000,36.270000,35.860001,36.180000,32.074219,22968300
5,2017-04-21,36.200001,36.419998,35.849998,36.320000,32.198334,20390500
5,2017-04-24,36.669998,36.849998,36.459999,36.750000,32.579521,26305800
5,2017-04-25,36.770000,37.000000,36.660000,36.869999,32.685909,22066800
5,2017-04-26,36.779999,37.230000,36.779999,36.930000,32.739098,27241000
5,2017-04-27,36.869999,37.500000,36.779999,37.430000,33.182362,39890000
5,2017-04-28,36.099998,36.490002,35.880001,36.150002,32.047615,56769300
5,2017-05-01,36.110001,36.400002,35.939999,36.310001,32.189461,24825600
5,2017-05-02,36.369999,37.029999,36.349998,36.970001,32.774559,35813000
5,2017-05-03,36.720001,37.169998,36.619999,36.980000,33.027313,22040300
5,2017-05-04,36.990002,37.110001,36.639999,36.849998,32.911213,16437100
5,2017-05-05,36.860001,36.930000,36.500000,36.820000,32.884411,18119200
5,2017-05-08,36.730000,36.849998,36.480000,36.540001,32.634338,17660200
5,2017-05-09,36.480000,36.750000,36.279999,36.369999,32.482513,17819100
5,2017-05-10,36.270000,36.380001,35.930000,36.009998,32.160992,25133800
5,2017-05-11,35.910000,36.000000,35.450001,35.689999,31.875193,21508900
5,2017-05-12,35.720001,35.740002,35.400002,35.529999,31.732302,19730800
5,2017-05-15,35.529999,35.720001,35.419998,35.630001,31.821611,22120100
5,2017-05-16,35.750000,35.889999,35.419998,35.820000,31.991295,22291800
5,2017-05-17,35.669998,35.990002,35.020000,35.040001,31.294685,26670200
5,2017-05-18,35.189999,35.470001,35.080002,35.220001,31.455433,17171900
5,2017-05-19,35.150002,35.549999,35.130001,35.400002,31.616198,18340100
5,2017-05-22,35.480000,36.110001,35.380001,35.770000,31.946650,14638100
5,2017-05-23,35.869999,35.990002,35.560001,35.860001,32.027031,16903700
5,2017-05-24,35.980000,36.180000,35.889999,36.119999,32.259235,20640600
5,2017-05-25,36.119999,36.389999,36.060001,36.259998,32.384277,13148500
5,2017-05-26,36.259998,36.330002,36.130001,36.259998,32.384277,11145500
5,2017-05-30,36.270000,36.439999,36.090000,36.180000,32.312824,13026900
5,2017-05-31,36.310001,36.380001,35.869999,36.110001,32.250309,17741900
5,2017-06-01,36.119999,36.130001,35.799999,36.119999,32.259235,17510900
5,2017-06-02,36.270000,36.330002,36.000000,36.320000,32.437862,19127400
5,2017-06-05,36.299999,36.500000,36.200001,36.340000,32.455723,11685700
5,2017-06-06,36.160000,36.450001,35.980000,36.130001,32.268166,18420900
5,2017-06-07,36.130001,36.570000,36.099998,36.259998,32.384277,17192000
5,2017-06-08,36.340000,36.529999,36.160000,36.480000,32.580750,17154200
5,2017-06-09,36.500000,36.560001,35.310001,35.709999,31.893055,33322100
5,2017-06-12,35.590000,36.009998,35.410000,35.730000,31.910921,28488300
5,2017-06-13,35.680000,35.950001,35.529999,35.880001,32.044884,20588200
5,2017-06-14,35.990002,36.049999,35.220001,35.529999,31.732302,19149000
5,2017-06-15,35.209999,35.480000,35.139999,35.310001,31.535820,20410000
5,2017-06-16,35.279999,35.330002,35.009998,35.209999,31.446501,30762800
5,2017-06-19,35.610001,35.610001,35.320000,35.509998,31.714441,21583800
5,2017-06-20,35.450001,35.450001,34.840000,34.860001,31.133913,21536500
5,2017-06-21,34.330002,34.599998,34.090000,34.580002,30.883841,27138500
5,2017-06-22,34.560001,34.630001,34.290001,34.360001,30.687355,24602900
5,2017-06-23,34.209999,34.549999,34.099998,34.189999,30.535530,29260900
5,2017-06-26,34.259998,34.509998,34.029999,34.070000,30.428356,18854800
5,2017-06-27,34.000000,34.150002,33.650002,33.650002,30.053246,27078900
5,2017-06-28,33.770000,34.240002,33.740002,34.200001,30.544458,25940100
5,2017-06-29,33.919998,34.099998,33.340000,33.540001,29.954998,25215700
5,2017-06-30,33.869999,33.930000,33.529999,33.740002,30.133629,24432000
5,2017-07-03,33.509998,34.029999,33.430000,33.459999,29.883554,12676900
5,2017-07-05,33.520000,34.430000,33.490002,34.340000,30.669497,30010800
5,2017-07-06,34.119999,34.290001,33.560001,33.630001,30.035379,20733200
5,2017-07-07,33.700001,34.119999,33.700001,33.880001,30.258663,18304500
5,2017-07-10,33.250000,33.740002,33.230000,33.650002,30.053246,29918400
5,2017-07-11,33.639999,33.930000,33.430000,33.919998,30.294380,25737500
5,2017-07-12,34.279999,34.389999,33.939999,34.250000,30.589119,23768300
5,2017-07-13,34.330002,34.400002,34.119999,34.240002,30.580185,15046200
5,2017-07-14,34.480000,34.709999,34.270000,34.680000,30.973158,16316400
5,2017-07-17,34.740002,34.740002,34.360001,34.470001,30.785604,21044400
5,2017-07-18,34.430000,34.580002,34.250000,34.529999,30.839182,14362800
5,2017-07-19,34.680000,34.680000,34.459999,34.560001,30.865978,17036200
5,2017-07-20,34.540001,34.840000,34.480000,34.750000,31.035671,17506200
5,2017-07-21,34.540001,34.820000,34.400002,34.730000,31.017807,22245000
5,2017-07-24,34.730000,34.799999,34.380001,34.500000,30.812397,16146300
5,2017-07-25,34.549999,34.740002,34.400002,34.669998,30.964218,18096700
5,2017-07-26,34.700001,34.970001,34.590000,34.750000,31.035671,15499300
5,2017-07-27,34.779999,35.250000,34.669998,34.970001,31.232157,43062800
5,2017-07-28,35.130001,35.860001,35.000000,35.310001,31.535820,36291500
5,2017-07-31,35.470001,35.740002,35.320000,35.470001,31.678713,27057000
5,2017-08-01,35.660000,36.430000,35.570000,36.349998,32.464649,38710200
5,2017-08-02,36.330002,36.669998,36.060001,36.639999,32.723652,35004300
5,2017-08-03,36.549999,36.590000,36.150002,36.490002,32.834335,26611300
5,2017-08-04,36.450001,36.560001,36.099998,36.299999,32.663368,20520300
5,2017-08-07,36.389999,36.549999,36.220001,36.430000,32.780354,18169300
5,2017-08-08,36.369999,36.700001,36.299999,36.410000,32.762348,22819900
5,2017-08-09,36.279999,36.660000,36.020000,36.590000,32.924309,22796800
5,2017-08-10,36.400002,36.560001,36.110001,36.139999,32.519390,22693300
5,2017-08-11,36.259998,36.400002,35.790001,35.869999,32.276440,19275100
5,2017-08-14,36.119999,36.470001,36.080002,36.340000,32.699364,18469400
5,2017-08-15,36.299999,36.320000,35.820000,36.000000,32.393417,21706600
5,2017-08-16,35.980000,36.070000,35.560001,35.810001,32.222458,22014000
5,2017-08-17,35.599998,35.680000,35.169998,35.169998,31.646572,19525000
5,2017-08-18,35.290001,35.310001,34.990002,35.009998,31.502600,16231400
5,2017-08-21,35.090000,35.279999,34.700001,34.919998,31.421623,26493300
5,2017-08-22,35.020000,35.189999,34.619999,34.650002,31.178669,26097800
5,2017-08-23,34.540001,34.810001,34.380001,34.660000,31.187672,19648100
5,2017-08-24,34.700001,34.889999,34.549999,34.709999,31.232658,14301900
5,2017-08-25,34.820000,34.930000,34.580002,34.669998,31.196661,14726800
5,2017-08-28,34.779999,34.799999,34.590000,34.650002,31.178669,20712900
5,2017-08-29,34.509998,34.750000,34.459999,34.730000,31.250647,15843700
5,2017-08-30,34.750000,34.959999,34.630001,34.889999,31.394621,18565000
5,2017-08-31,34.939999,35.180000,34.869999,35.070000,31.556597,16366800
5,2017-09-01,35.240002,35.389999,35.070000,35.090000,31.574587,12822000
5,2017-09-05,35.020000,35.330002,34.930000,35.020000,31.511600,18772000
5,2017-09-06,35.220001,35.939999,35.110001,35.759998,32.177467,28076400
5,2017-09-07,35.880001,35.950001,35.330002,35.540001,31.979506,16297100
5,2017-09-08,35.419998,35.540001,35.080002,35.189999,31.664570,14125000
5,2017-09-11,35.490002,36.000000,35.139999,35.770000,32.186466,20037600
5,2017-09-12,35.880001,36.340000,35.740002,36.090000,32.474400,19489900
5,2017-09-13,36.000000,36.400002,35.970001,36.330002,32.690361,15509800
5,2017-09-14,36.189999,36.700001,36.160000,36.480000,32.825333,18093900
5,2017-09-15,36.549999,37.080002,36.220001,37.000000,33.293243,33596100
5,2017-09-18,37.000000,37.330002,36.799999,37.000000,33.293243,19393800
5,2017-09-19,37.200001,37.299999,37.020000,37.230000,33.500198,23850500
5,2017-09-20,37.230000,37.290001,36.660000,37.070000,33.356228,23957500
5,2017-09-21,36.990002,37.270000,36.849998,37.200001,33.473194,22954200
5,2017-09-22,36.950001,37.220001,36.950001,37.180000,33.455208,21631800
5,2017-09-25,37.049999,37.230000,36.849998,37.160000,33.437206,23180800
5,2017-09-26,37.209999,37.639999,37.000000,37.470001,33.716156,29790400
5,2017-09-27,37.619999,37.689999,37.099998,37.540001,33.779140,25981400
5,2017-09-28,37.320000,37.880001,37.290001,37.830002,34.040092,21171400
5,2017-09-29,37.840000,38.150002,37.700001,38.080002,34.265041,23217300
5,2017-10-02,38.119999,39.090000,38.080002,39.040001,35.128864,37394500
5,2017-10-03,38.950001,39.700001,38.950001,39.380001,35.434799,34002200
5,2017-10-04,39.389999,39.400002,38.860001,39.340000,35.398811,28368800
5,2017-10-05,39.500000,39.650002,39.209999,39.529999,35.569771,17710300
5,2017-10-06,39.599998,39.889999,39.419998,39.630001,35.659760,18887500
5,2017-10-09,39.680000,39.880001,39.520000,39.860001,35.866718,18494100
5,2017-10-10,39.930000,39.950001,39.380001,39.650002,35.677750,29890000
5,2017-10-11,39.480000,39.669998,39.060001,39.299999,35.362820,30754700
5,2017-10-12,39.349998,39.389999,38.980000,39.189999,35.263840,18286900
5,2017-10-13,39.439999,39.810001,39.279999,39.669998,35.695751,16829400
5,2017-10-16,39.709999,39.790001,39.439999,39.759998,35.776733,12489100
5,2017-10-17,39.560001,39.869999,39.369999,39.790001,35.803730,15532800
5,2017-10-18,39.799999,40.290001,39.599998,40.250000,36.217644,21424600
5,2017-10-19,39.880001,40.330002,39.830002,40.090000,36.073673,19222700
5,2017-10-20,40.330002,40.450001,40.099998,40.430000,36.379612,18335700
5,2017-10-23,40.549999,41.040001,40.400002,40.830002,36.739540,28647000
5,2017-10-24,41.000000,41.049999,40.720001,40.950001,36.847515,19652400
5,2017-10-25,40.889999,41.060001,40.490002,40.779999,36.694550,24031700
5,2017-10-26,40.910000,41.580002,40.709999,41.349998,37.207451,38247400
5,2017-10-27,43.299999,45.000000,43.099998,44.400002,39.951889,90028300
5,2017-10-30,44.480000,45.189999,43.880001,44.369999,39.924892,48161500
5,2017-10-31,45.200001,45.799999,44.650002,45.490002,40.932693,47000900
5,2017-11-01,45.970001,46.709999,45.590000,46.709999,42.030468,47813700
5,2017-11-02,46.610001,47.230000,46.209999,47.099998,42.381397,44602300
5,2017-11-03,47.200001,47.299999,45.599998,46.340000,41.697521,39298100
5,2017-11-06,46.599998,46.740002,46.090000,46.700001,42.270489,34035000
5,2017-11-07,46.700001,47.090000,46.389999,46.779999,42.342903,24461400
5,2017-11-08,46.619999,46.700001,46.279999,46.700001,42.270489,21565800
5,2017-11-09,46.049999,46.389999,45.650002,46.299999,41.908428,25570400
5,2017-11-10,46.040001,46.090000,45.380001,45.580002,41.256725,24095400
5,2017-11-13,45.259998,45.939999,45.250000,45.750000,41.410606,18999000
5,2017-11-14,45.700001,45.919998,45.320000,45.860001,41.510166,22201200
5,2017-11-15,45.389999,45.810001,45.169998,45.459999,41.148109,17157200
5,2017-11-16,45.630001,46.070000,45.459999,45.650002,41.320091,26439400
5,2017-11-17,45.500000,45.619999,44.619999,44.630001,40.396835,63798000
5,2017-11-20,44.730000,45.119999,44.500000,44.619999,40.387775,22420000
5,2017-11-21,44.720001,45.220001,44.709999,44.939999,40.677433,21871000
5,2017-11-22,44.939999,44.950001,44.540001,44.650002,40.414940,19538300
5,2017-11-24,44.549999,44.779999,44.430000,44.750000,40.505447,6465800
5,2017-11-27,44.419998,44.610001,44.270000,44.490002,40.270107,18202100
5,2017-11-28,44.650002,44.840000,44.320000,44.730000,40.487347,20194100
5,2017-11-29,44.849998,45.090000,43.770000,43.950001,39.781326,27036900
5,2017-11-30,44.360001,45.200001,44.330002,44.840000,40.586910,34145300
5,2017-12-01,44.730000,44.840000,43.529999,44.680000,40.442085,26656300
5,2017-12-04,45.020000,45.299999,44.330002,44.490002,40.270107,28000800
5,2017-12-05,44.599998,44.900002,43.230000,43.439999,39.319702,30626900
5,2017-12-06,43.139999,43.720001,42.669998,43.450001,39.328758,27710800
5,2017-12-07,43.459999,43.599998,42.779999,43.080002,38.993855,32708400
5,2017-12-08,43.349998,43.580002,43.110001,43.349998,39.238247,23154700
5,2017-12-11,43.279999,43.779999,43.250000,43.660000,39.518837,20425900
5,2017-12-12,43.470001,43.619999,43.080002,43.330002,39.220139,16557400
5,2017-12-13,43.650002,43.660000,43.240002,43.340000,39.229191,21399500
5,2017-12-14,43.430000,43.570000,43.020000,43.259998,39.156769,19644900
5,2017-12-15,43.400002,44.840000,43.070000,44.560001,40.333473,47477000
5,2017-12-18,45.150002,46.349998,45.040001,46.259998,41.872223,50369300
5,2017-12-19,46.299999,47.259998,45.889999,47.040001,42.578239,41421100
5,2017-12-20,47.470001,47.639999,46.660000,47.560001,43.048927,40935000
5,2017-12-21,47.540001,47.590000,46.560001,46.759998,42.324799,42963500
5,2017-12-22,46.330002,47.020000,46.020000,46.700001,42.270489,33913500
5,2017-12-26,46.279999,46.470001,45.950001,46.080002,41.709297,15533300
5,2017-12-27,46.110001,46.360001,46.000000,46.110001,41.736450,13359700
5,2017-12-28,46.360001,46.360001,45.950001,46.220001,41.836018,9504400
5,2017-12-29,46.209999,46.490002,46.090000,46.160000,41.781715,17394500
5,2018-01-02,46.380001,46.900002,46.209999,46.849998,42.406269,23370800
5,2018-01-03,45.470001,46.209999,43.650002,45.259998,40.967072,116479000
5,2018-01-04,43.520000,44.650002,42.689999,44.430000,40.215813,89209100
5,2018-01-05,44.430000,45.150002,43.900002,44.740002,40.496399,41824000
5,2018-01-08,44.270000,44.840000,43.959999,44.740002,40.496399,33733800
5,2018-01-09,44.700001,44.840000,43.490002,43.619999,39.482628,44282300
5,2018-01-10,43.330002,43.599998,42.439999,42.500000,38.468864,45735000
5,2018-01-11,42.799999,43.580002,42.450001,43.410000,39.292557,35371500
5,2018-01-12,43.450001,43.599998,43.009998,43.240002,39.138672,29973600
5,2018-01-16,43.549999,43.790001,42.889999,43.139999,39.048149,38367200
5,2018-01-17,43.549999,44.450001,43.509998,44.389999,40.179600,32368600
5,2018-01-18,44.400002,44.740002,44.169998,44.480000,40.261055,26826500
5,2018-01-19,44.619999,44.889999,44.250000,44.820000,40.568806,25780200
5,2018-01-22,44.799999,45.790001,44.790001,45.750000,41.410606,27706800
5,2018-01-23,45.810001,46.090000,45.630001,46.060001,41.691196,22135100
5,2018-01-24,45.900002,46.130001,44.959999,45.509998,41.193359,32464200
5,2018-01-25,45.880001,46.369999,45.169998,45.299999,41.003281,36758700
5,2018-01-26,48.380001,50.150002,48.119999,50.080002,45.329895,86916100
5,2018-01-29,49.599998,50.849998,49.369999,49.980000,45.239380,46304000
5,2018-01-30,49.480000,50.060001,48.740002,48.790001,44.162247,32814600
5,2018-01-31,49.230000,49.250000,47.560001,48.139999,43.573910,41619900
5,2018-02-01,47.700001,48.470001,47.450001,47.650002,43.130390,28840400
5,2018-02-02,47.320000,47.790001,46.099998,46.150002,41.772659,28663000
5,2018-02-05,46.349998,47.259998,44.500000,44.520000,40.297268,47869000
5,2018-02-06,44.020000,44.930000,43.029999,44.910000,40.926056,58145400
5,2018-02-07,44.580002,46.299999,44.340000,45.200001,41.190334,37508400
5,2018-02-08,45.279999,45.419998,42.740002,42.750000,38.957664,43151300
5,2018-02-09,43.500000,44.279999,42.040001,43.950001,40.051216,49301100
5,2018-02-12,44.150002,45.160000,44.090000,44.830002,40.853161,28379500
5,2018-02-13,44.590000,44.779999,44.259998,44.459999,40.515972,19517600
5,2018-02-14,44.070000,45.509998,44.040001,45.380001,41.354362,19922000
5,2018-02-15,45.880001,45.990002,44.950001,45.919998,41.846455,23536800
5,2018-02-16,45.820000,46.590000,45.509998,45.560001,41.518391,21475200
5,2018-02-20,45.459999,46.709999,45.389999,46.320000,42.210976,25512000
5,2018-02-21,46.669998,47.060001,45.919998,45.939999,41.864677,27527500
5,2018-02-22,46.139999,46.560001,45.619999,45.799999,41.737095,16946400
5,2018-02-23,46.340000,47.790001,46.310001,47.730000,43.495895,26040900
5,2018-02-26,48.200001,49.130001,48.099998,49.110001,44.753479,26992300
5,2018-02-27,49.369999,50.900002,49.310001,49.910000,45.482510,43624100
5,2018-02-28,50.180000,50.340000,49.279999,49.290001,44.917507,35541200
5,2018-03-01,49.500000,49.720001,47.470001,47.840000,43.596130,36326600
5,2018-03-02,47.200001,49.049999,46.959999,48.980000,44.635014,33310600
5,2018-03-05,48.570000,49.799999,48.040001,49.750000,45.336700,30826500
5,2018-03-06,50.160000,51.330002,50.150002,50.709999,46.211544,39132300
5,2018-03-07,50.180000,51.490002,50.099998,51.320000,46.767429,31801900
5,2018-03-08,51.790001,52.080002,50.470001,50.740002,46.238888,29481200
5,2018-03-09,51.270000,52.299999,51.000000,52.189999,47.560257,32727900
5,2018-03-12,51.860001,51.950001,50.500000,51.520000,46.949684,32044400
5,2018-03-13,52.520000,53.779999,51.389999,51.779999,47.186623,45573900
5,2018-03-14,52.060001,52.180000,51.310001,51.860001,47.259533,24993500
5,2018-03-15,52.230000,52.299999,50.880001,50.880001,46.366463,25631200
5,2018-03-16,51.169998,51.700001,50.990002,51.169998,46.630733,42559800
5,2018-03-19,50.740002,51.230000,49.930000,50.830002,46.320900,31115200
5,2018-03-20,50.880001,51.810001,50.849998,51.549999,46.977020,22215000
5,2018-03-21,51.549999,52.169998,51.169998,51.560001,46.986145,23239500
5,2018-03-22,50.740002,51.959999,50.599998,50.830002,46.320900,30916000
5,2018-03-23,50.590000,50.990002,49.360001,49.360001,44.981297,37683900
5,2018-03-26,50.740002,52.490002,50.320000,52.480000,47.824520,39306200
5,2018-03-27,53.009998,53.250000,50.779999,51.189999,46.648960,38777000
5,2018-03-28,50.500000,50.700001,49.009998,49.599998,45.200012,37970900
5,2018-03-29,49.980000,52.080002,49.869999,52.080002,47.460011,45265800
5,2018-04-02,51.689999,52.040001,47.290001,48.919998,44.580326,67187800
5,2018-04-03,49.000000,49.959999,48.410000,49.750000,45.336700,39432400
5,2018-04-04,48.099998,50.160000,48.009998,49.990002,45.555408,30370000
5,2018-04-05,50.009998,50.720001,49.970001,50.380001,45.910816,25115400
5,2018-04-06,49.790001,50.400002,48.500000,48.790001,44.461868,28215200
5,2018-04-09,49.160000,51.110001,49.160000,49.549999,45.154449,31437000
5,2018-04-10,51.119999,51.490002,50.340000,51.270000,46.721867,25906400
5,2018-04-11,50.990002,51.730000,50.820000,51.099998,46.566944,17568400
5,2018-04-12,51.490002,53.270000,51.450001,52.720001,48.043232,29781400
5,2018-04-13,53.060001,53.209999,51.599998,51.860001,47.259533,20884900
5,2018-04-16,52.290001,52.529999,51.790001,52.400002,47.751617,18855500
5,2018-04-17,52.910000,53.700001,52.889999,53.540001,48.790489,21228700
5,2018-04-18,53.520000,54.360001,53.340000,53.610001,48.854290,22164700
5,2018-04-19,52.950001,52.959999,51.610001,52.220001,47.587589,25422400
5,2018-04-20,52.169998,52.279999,50.880001,51.529999,46.958797,26910100
5,2018-04-23,51.689999,51.889999,50.849998,51.099998,46.566944,21706700
5,2018-04-24,51.869999,53.639999,51.139999,51.450001,46.885895,42494700
5,2018-04-25,51.860001,52.099998,50.599998,51.380001,46.822109,25752800
5,2018-04-26,52.259998,53.270000,52.070000,53.049999,48.343964,39575000
5,2018-04-27,55.439999,55.790001,52.230000,52.730000,48.052349,69888100
5,2018-04-30,52.560001,53.369999,51.209999,51.619999,47.040821,36417400
5,2018-05-01,51.639999,53.419998,51.439999,53.330002,48.599121,27600800
5,2018-05-02,53.090000,53.200001,52.150002,52.310001,47.669609,25778300
5,2018-05-03,51.889999,52.560001,51.209999,52.279999,47.642265,28561000
5,2018-05-04,51.619999,52.840000,51.000000,52.779999,48.375504,25642500
5,2018-05-07,52.860001,53.580002,52.830002,53.330002,48.879604,20285700
5,2018-05-08,53.290001,53.630001,52.799999,53.630001,49.154572,21026800
5,2018-05-09,53.759998,54.369999,53.189999,54.340000,49.805332,19827500
5,2018-05-10,54.549999,55.000000,54.099998,54.980000,50.391918,18715900
5,2018-05-11,54.619999,55.189999,54.430000,54.669998,50.107784,15405000
5,2018-05-14,54.770000,55.240002,54.740002,54.900002,50.318592,21878200
5,2018-05-15,54.580002,54.750000,53.560001,53.919998,49.420368,21712600
5,2018-05-16,54.169998,54.700001,53.959999,54.639999,50.080284,16260500
5,2018-05-17,54.549999,55.439999,54.419998,54.810001,50.236111,16872600
5,2018-05-18,54.529999,54.540001,53.470001,53.500000,49.035423,23679900
5,2018-05-21,54.360001,55.220001,53.860001,54.320000,49.786995,25367400
5,2018-05-22,54.730000,55.049999,54.049999,54.450001,49.906147,19009600
5,2018-05-23,54.000000,55.230000,53.840000,55.209999,50.602718,20555400
5,2018-05-24,55.180000,55.299999,54.130001,54.750000,50.181110,19667100
5,2018-05-25,54.799999,55.500000,54.540001,55.439999,50.813530,18550000
5,2018-05-29,55.119999,55.810001,54.810001,55.320000,50.703545,24253500
5,2018-05-30,55.889999,56.200001,55.619999,55.680000,51.033504,24711500
5,2018-05-31,55.669998,55.860001,55.060001,55.200001,50.593559,30962100
5,2018-06-01,55.840000,57.099998,55.799999,57.080002,52.316673,31183200
5,2018-06-04,57.009998,57.599998,56.779999,56.830002,52.087532,22538100
5,2018-06-05,56.900002,57.119999,56.220001,56.529999,51.812569,21687000
5,2018-06-06,56.529999,57.060001,56.080002,57.029999,52.270844,22955400
5,2018-06-07,56.919998,57.000000,55.619999,55.880001,51.216812,27596100
5,2018-06-08,55.560001,55.700001,54.660000,55.049999,50.456081,30822900
5,2018-06-11,54.799999,55.090000,54.259998,54.520000,49.970299,25752400
5,2018-06-12,54.869999,55.029999,54.220001,54.820000,50.245266,23294900
5,2018-06-13,54.980000,55.700001,54.910000,55.029999,50.437744,22631400
5,2018-06-14,55.450001,55.860001,55.180000,55.540001,50.905186,23419800
5,2018-06-15,55.169998,55.380001,54.580002,55.110001,50.511074,39194700
5,2018-06-18,54.299999,54.299999,52.340000,53.220001,48.778790,40764400
5,2018-06-19,52.139999,52.950001,51.880001,52.930000,48.512993,31780900
5,2018-06-20,53.189999,53.750000,52.689999,53.459999,48.998760,21403000
5,2018-06-21,54.380001,54.529999,51.939999,52.189999,47.834740,44435600
5,2018-06-22,52.619999,53.090000,52.299999,52.500000,48.118877,34682100
5,2018-06-25,51.169998,51.750000,49.910000,50.709999,46.478245,45356500
5,2018-06-26,49.950001,50.410000,49.360001,49.669998,45.525036,37543000
5,2018-06-27,49.340000,50.060001,48.750000,48.759998,44.690975,33338800
5,2018-06-28,48.580002,49.490002,48.500000,49.250000,45.140083,29055700
5,2018-06-29,49.529999,50.110001,49.500000,49.709999,45.561691,28906500
5,2018-07-02,49.040001,50.270000,48.830002,50.200001,46.010807,23755500
5,2018-07-03,50.580002,50.860001,49.430000,49.470001,45.341732,16327900
5,2018-07-05,49.980000,50.959999,49.750000,50.750000,46.514904,26163500
5,2018-07-06,50.770000,51.500000,50.400002,51.369999,47.083172,19968000
5,2018-07-09,51.639999,51.889999,51.000000,51.860001,47.532288,21361600
5,2018-07-10,52.099998,52.259998,51.840000,52.160000,47.807255,17362900
5,2018-07-11,51.689999,51.869999,51.189999,51.200001,46.927357,18665600
5,2018-07-12,52.049999,52.480000,51.730000,52.349998,47.981396,20292700
5,2018-07-13,52.400002,52.419998,51.759998,52.220001,47.862240,13749300
5,2018-07-16,52.150002,52.320000,51.869999,52.009998,47.669758,15951500
5,2018-07-17,51.049999,51.880001,51.009998,51.750000,47.431461,15754500
5,2018-07-18,51.869999,51.970001,51.470001,51.720001,47.403973,14649000
5,2018-07-19,51.599998,52.009998,51.049999,51.980000,47.642265,15954600
5,2018-07-20,51.830002,52.070000,51.330002,51.910000,47.578106,17380500
5,2018-07-23,51.770000,52.500000,51.330002,52.310001,47.944725,15945500
5,2018-07-24,52.759998,53.299999,52.080002,52.180000,47.825577,17788700
5,2018-07-25,52.209999,52.450001,51.090000,52.430000,48.054710,19854800
5,2018-07-26,52.450001,53.180000,51.869999,52.160000,47.807255,28282500
5,2018-07-27,48.759998,49.200001,47.480000,47.680000,43.701099,67816700
5,2018-07-30,47.630001,47.990002,46.430000,47.689999,43.710266,35696600
5,2018-07-31,48.240002,48.680000,47.689999,48.099998,44.086052,36581200
5,2018-08-01,48.060001,48.910000,48.000000,48.810001,44.736813,28060700
5,2018-08-02,48.500000,49.520000,48.200001,49.480000,45.350891,26452500
5,2018-08-03,49.500000,49.779999,49.169998,49.630001,45.488373,22008200
5,2018-08-06,48.770000,49.310001,48.320000,49.299999,45.460709,26669000
5,2018-08-07,49.430000,49.830002,49.410000,49.700001,45.829559,28322700
5,2018-08-08,49.599998,50.130001,49.439999,49.959999,46.069313,21990600
5,2018-08-09,49.860001,50.599998,49.720001,50.139999,46.235294,23795600
5,2018-08-10,48.509998,49.169998,48.299999,48.849998,45.045753,28712400
5,2018-08-13,48.919998,49.240002,48.380001,48.450001,44.676910,17070600
5,2018-08-14,48.669998,48.759998,47.650002,48.119999,44.372604,23061600
5,2018-08-15,47.779999,48.000000,46.900002,47.459999,43.764004,26739900
5,2018-08-16,47.750000,47.950001,47.049999,47.169998,43.496597,24358000
5,2018-08-17,47.000000,47.389999,46.330002,47.099998,43.432041,26382000
5,2018-08-20,47.049999,47.119999,46.189999,46.500000,42.878765,24334000
5,2018-08-21,46.660000,47.849998,46.639999,47.619999,43.911549,19254300
5,2018-08-22,47.250000,47.349998,46.919998,47.049999,43.385933,23182500
5,2018-08-23,46.860001,47.169998,46.709999,46.980000,43.321384,31343200
5,2018-08-24,47.290001,47.889999,47.080002,47.660000,43.948421,18214700
5,2018-08-27,48.000000,48.389999,47.630001,48.349998,44.584679,17170300
5,2018-08-28,48.549999,48.790001,48.310001,48.570000,44.787563,13472400
5,2018-08-29,48.700001,48.860001,48.400002,48.750000,44.953541,13479100
5,2018-08-30,48.520000,48.830002,48.090000,48.240002,44.483261,16418800
5,2018-08-31,47.959999,48.560001,47.919998,48.430000,44.658463,16484000
5,2018-09-04,48.380001,48.430000,47.560001,47.959999,44.225063,15682900
5,2018-09-05,47.750000,48.119999,47.470001,47.720001,44.003754,20857200
5,2018-09-06,47.759998,47.959999,47.209999,47.259998,43.579578,19318100
5,2018-09-07,46.910000,47.480000,46.360001,46.450001,42.832657,25958300
5,2018-09-10,46.560001,46.759998,46.230000,46.299999,42.694336,21522400
5,2018-09-11,46.000000,46.029999,44.889999,44.930000,41.431034,32455300
5,2018-09-12,44.560001,44.980000,44.060001,44.930000,41.431034,29778700
5,2018-09-13,45.680000,45.849998,45.110001,45.570000,42.021191,18657100
5,2018-09-14,45.779999,45.970001,45.349998,45.540001,41.993526,22998700
5,2018-09-17,45.290001,45.900002,45.189999,45.419998,41.882874,17603200
5,2018-09-18,45.580002,46.529999,45.410000,46.099998,42.509911,20528100
5,2018-09-19,46.090000,46.439999,45.889999,46.150002,42.556023,15918900
5,2018-09-20,46.779999,47.360001,46.520000,47.200001,43.524246,21999300
5,2018-09-21,47.119999,47.419998,46.369999,46.660000,43.026306,52650600
5,2018-09-24,46.310001,47.000000,46.150002,46.910000,43.256832,17847000
5,2018-09-25,46.220001,46.389999,45.799999,45.910000,42.334705,23389900
5,2018-09-26,46.040001,46.299999,45.580002,45.700001,42.141068,23957700
5,2018-09-27,45.910000,46.169998,45.730000,45.880001,42.307049,15415500
5,2018-09-28,45.619999,47.750000,45.459999,47.290001,43.607243,46223500
5,2018-10-01,46.790001,47.220001,46.200001,46.450001,42.832657,23796200
5,2018-10-02,47.509998,48.880001,47.320000,48.099998,44.354160,42121100
5,2018-10-03,48.619999,49.720001,48.560001,48.759998,44.962765,39211900
5,2018-10-04,48.840000,48.860001,47.619999,48.130001,44.381824,30108300
5,2018-10-05,48.230000,48.340000,46.660000,47.029999,43.367489,28901400
5,2018-10-08,46.959999,47.349998,46.520000,47.029999,43.367489,19376800
5,2018-10-09,47.180000,47.619999,46.540001,46.549999,42.924870,23285700
5,2018-10-10,46.060001,46.119999,44.799999,44.799999,41.311157,43109500
5,2018-10-11,45.150002,45.610001,43.730000,44.230000,40.785538,43648800
5,2018-10-12,45.270000,45.340000,44.230000,44.880001,41.384926,32087400
5,2018-10-15,44.630001,45.139999,44.439999,44.529999,41.062180,21633000
5,2018-10-16,44.900002,46.009998,44.830002,45.939999,42.362377,21472000
5,2018-10-17,46.000000,46.330002,45.540001,45.889999,42.316277,23124400
5,2018-10-18,45.650002,45.750000,44.830002,44.970001,41.467918,26638800
5,2018-10-19,45.020000,45.180000,43.860001,44.000000,40.573456,28368500
5,2018-10-22,44.500000,45.340000,44.099998,45.009998,41.504799,34508800
5,2018-10-23,44.180000,45.090000,43.910000,44.500000,41.034515,38590300
5,2018-10-24,44.160000,44.360001,42.360001,42.419998,39.116501,33631800
5,2018-10-25,43.540001,44.939999,43.279999,44.310001,40.859318,48255300
5,2018-10-26,45.590000,46.439999,44.700001,45.689999,42.131851,67280400
5,2018-10-29,46.500000,46.750000,44.439999,45.400002,41.864429,35732200
5,2018-10-30,45.529999,47.880001,45.459999,47.759998,44.040642,43975200
5,2018-10-31,48.290001,48.560001,46.830002,46.880001,43.229172,33369100
5,2018-11-01,46.950001,48.470001,46.860001,48.220001,44.464813,28335300
5,2018-11-02,48.130001,48.250000,46.750000,47.110001,43.441257,30759800
5,2018-11-05,47.340000,48.250000,46.919998,47.970001,44.234283,23751200
5,2018-11-06,47.799999,47.919998,47.029999,47.250000,43.844559,23839600
5,2018-11-07,47.630001,48.750000,47.590000,48.720001,45.208611,29913200
5,2018-11-08,48.490002,49.290001,48.459999,48.990002,45.459152,26581700
5,2018-11-09,48.790001,49.029999,47.869999,48.110001,44.642574,21761400
5,2018-11-12,47.709999,47.799999,46.599998,46.650002,43.287800,24412800
5,2018-11-13,46.990002,48.250000,46.990002,47.389999,43.974464,29315900
5,2018-11-14,47.849998,47.970001,46.889999,47.090000,43.696087,25632700
5,2018-11-15,47.009998,48.240002,46.720001,48.110001,44.642574,29581000
5,2018-11-16,47.770000,49.049999,47.689999,48.830002,45.310680,31670600
5,2018-11-19,48.610001,49.150002,47.779999,48.000000,44.540497,26859000
5,2018-11-20,47.400002,48.119999,47.090000,47.389999,43.974464,29200800
5,2018-11-21,47.849998,47.880001,47.020000,47.029999,43.640411,19011400
5,2018-11-23,46.689999,47.070000,46.520000,46.540001,43.185730,8906900
5,2018-11-26,47.270000,47.459999,46.700001,47.450001,44.030140,20723000
5,2018-11-27,46.939999,48.220001,46.590000,48.070000,44.605461,27621000
5,2018-11-28,47.939999,48.880001,47.650002,48.860001,45.338520,28003200
5,2018-11-29,48.490002,48.560001,47.630001,47.700001,44.262119,23592500
5,2018-11-30,47.950001,49.320000,47.560001,49.310001,45.756092,43313700
5,2018-12-03,50.000000,50.500000,49.529999,50.130001,46.516991,30870400
5,2018-12-04,49.520000,49.599998,47.680000,47.750000,44.308521,35397700
5,2018-12-06,46.799999,48.389999,46.520000,48.369999,44.883835,31661700
5,2018-12-07,47.939999,48.060001,46.230000,46.240002,42.907356,34016400
5,2018-12-10,46.279999,47.459999,46.009998,47.209999,43.807442,23289000
5,2018-12-11,47.900002,48.590000,47.130001,47.380001,43.965183,23851000
5,2018-12-12,48.580002,48.639999,47.410000,47.830002,44.382759,31305000
5,2018-12-13,48.259998,48.580002,47.860001,48.290001,44.809605,19526000
5,2018-12-14,47.889999,48.759998,47.849998,47.860001,44.410595,26372100
5,2018-12-17,47.860001,48.410000,46.660000,47.080002,43.686810,26598700
5,2018-12-18,47.470001,48.450001,47.360001,47.740002,44.299248,29014300
5,2018-12-19,47.490002,47.730000,45.380001,45.570000,42.285645,39717600
5,2018-12-20,45.410000,46.310001,45.009998,45.540001,42.257801,37750900
5,2018-12-21,45.750000,46.650002,44.799999,44.840000,41.608250,52768300
5,2018-12-24,44.630001,45.169998,43.540001,43.590000,40.448341,19241600
5,2018-12-26,44.000000,46.200001,43.509998,46.189999,42.860958,28677600
5,2018-12-27,45.619999,46.380001,44.669998,46.360001,43.018703,29970700
5,2018-12-28,46.509998,47.740002,46.299999,46.750000,43.380589,24758700
5,2018-12-31,47.090000,47.480000,46.549999,46.930000,43.547623,20490400
5,2019-01-02,45.959999,47.470001,45.770000,47.080002,43.686810,18774600
5,2019-01-03,46.150002,46.279999,44.389999,44.490002,41.283478,32267300
5,2019-01-04,45.840000,47.570000,45.540001,47.220001,43.816719,35447300
5,2019-01-07,47.099998,48.000000,46.750000,47.439999,44.020863,22736800
5,2019-01-08,47.799999,48.029999,46.779999,47.740002,44.299248,22749200
5,2019-01-09,47.959999,48.570000,47.779999,48.009998,44.549778,22554500
5,2019-01-10,47.750000,48.650002,47.410000,48.560001,45.060146,27202600
5,2019-01-11,48.099998,49.290001,48.049999,48.930000,45.403481,21751300
5,2019-01-14,48.459999,48.830002,48.299999,48.349998,44.865269,19193900
5,2019-01-15,48.709999,49.130001,48.439999,48.599998,45.097252,22480800
5,2019-01-16,48.599998,48.889999,48.080002,48.130001,44.661133,19057700
5,2019-01-17,48.000000,48.840000,47.910000,48.470001,44.976624,17448700
5,2019-01-18,49.110001,49.380001,48.689999,49.189999,45.644737,29874600
5,2019-01-22,48.959999,48.980000,47.869999,48.270000,44.791042,25940700
5,2019-01-23,48.410000,48.799999,47.520000,47.939999,44.484825,18960700
5,2019-01-24,48.700001,50.040001,48.599998,49.759998,46.173656,50578300
5,2019-01-25,46.849998,47.430000,45.750000,47.040001,43.649696,86455700
5,2019-01-28,46.130001,46.730000,46.049999,46.709999,43.343479,35928700
5,2019-01-29,46.779999,46.970001,46.330002,46.540001,43.185730,20988300
5,2019-01-30,46.680000,47.680000,46.450001,47.540001,44.113655,26931700
5,2019-01-31,46.700001,47.180000,46.099998,47.119999,43.723923,43051300
5,2019-02-01,47.060001,49.049999,47.009998,48.730000,45.217888,37442900
5,2019-02-04,48.619999,49.240002,48.240002,49.220001,45.672569,20905000
5,2019-02-05,49.180000,50.720001,49.180000,50.009998,46.405640,31641600
5,2019-02-06,49.950001,50.639999,49.820000,49.900002,46.597069,21647800
5,2019-02-07,49.500000,49.849998,48.680000,49.230000,45.971416,27825900
5,2019-02-08,48.770000,49.020000,48.009998,48.840000,45.607231,18851200
5,2019-02-11,49.020000,49.320000,48.580002,48.770000,45.541859,18004100
5,2019-02-12,49.360001,50.139999,49.270000,50.009998,46.699776,18050100
5,2019-02-13,50.130001,50.810001,50.000000,50.470001,47.129330,17712800
5,2019-02-14,50.410000,51.040001,50.349998,50.810001,47.446831,17545400
5,2019-02-15,51.250000,51.669998,51.090000,51.660000,48.240562,22520400
5,2019-02-19,51.349998,51.709999,51.340000,51.400002,47.997784,15611800
5,2019-02-20,51.630001,51.730000,51.060001,51.389999,47.988438,21607700
5,2019-02-21,51.320000,51.840000,51.209999,51.410000,48.007114,16162100
5,2019-02-22,52.700001,52.980000,52.060001,52.490002,49.015636,31934100
5,2019-02-25,53.060001,53.610001,52.860001,53.099998,49.585255,20711800
5,2019-02-26,53.009998,53.369999,52.910000,53.230000,49.706646,16082200
5,2019-02-27,52.759998,53.380001,52.509998,53.240002,49.715992,17590300
5,2019-02-28,52.919998,53.180000,52.810001,52.959999,49.454521,18388800
5,2019-03-01,53.439999,53.680000,52.889999,53.299999,49.772018,18359300
5,2019-03-04,53.750000,54.099998,53.209999,53.939999,50.369656,21706100
5,2019-03-05,53.849998,53.990002,53.110001,53.680000,50.126865,21057700
5,2019-03-06,53.630001,53.650002,52.939999,52.950001,49.445183,14740500
5,2019-03-07,52.770000,52.990002,52.360001,52.599998,49.118340,17803000
5,2019-03-08,51.970001,52.560001,51.700001,52.480000,49.006294,16793900
5,2019-03-11,52.880001,53.650002,52.570000,53.349998,49.818707,18963000
5,2019-03-12,53.340000,53.959999,53.180000,53.570000,50.024143,20782100
5,2019-03-13,54.000000,54.570000,53.650002,54.369999,50.771191,25522300
5,2019-03-14,54.299999,54.450001,53.330002,53.439999,49.902748,26647100
5,2019-03-15,53.680000,54.689999,53.680000,54.330002,50.733841,46512500
5,2019-03-18,54.419998,54.509998,53.869999,54.099998,50.519066,16274000
5,2019-03-19,54.470001,54.650002,54.000000,54.169998,50.584431,18274800
5,2019-03-20,54.060001,54.400002,53.610001,53.820000,50.257603,24325300
5,2019-03-21,53.919998,54.990002,53.840000,54.639999,51.023319,19127200
5,2019-03-22,54.400002,54.619999,53.209999,53.259998,49.734657,21438400
5,2019-03-25,52.970001,53.549999,52.380001,52.779999,49.286434,16971400
5,2019-03-26,53.320000,53.770000,53.040001,53.439999,49.902748,17724300
5,2019-03-27,53.590000,53.860001,52.939999,53.160000,49.641285,19656000
5,2019-03-28,53.250000,53.439999,52.770000,53.110001,49.594593,13607900
5,2019-03-29,53.799999,54.040001,53.480000,53.700001,50.145546,18736100
5,2019-04-01,54.340000,54.570000,54.099998,54.509998,50.901920,17830400
5,2019-04-02,54.529999,54.799999,54.230000,54.360001,50.761860,13704500
5,2019-04-03,55.029999,55.990002,54.889999,55.480000,51.807720,24552800
5,2019-04-04,55.270000,56.139999,55.270000,55.919998,52.218601,16520500
5,2019-04-05,55.750000,55.950001,54.869999,55.599998,51.919769,19268400
5,2019-04-08,55.279999,55.740002,55.200001,55.680000,51.994480,11758800
5,2019-04-09,55.349998,55.430000,54.900002,55.320000,51.658310,13339700
5,2019-04-10,55.320000,55.860001,55.320000,55.750000,52.059849,13084000
5,2019-04-11,55.759998,56.070000,55.630001,55.799999,52.106537,10845800
5,2019-04-12,56.209999,56.490002,55.840000,56.419998,52.685497,12910200
5,2019-04-15,56.459999,56.560001,55.919998,56.279999,52.554764,11676900
5,2019-04-16,56.660000,57.470001,56.070000,56.709999,52.956306,30301900
5,2019-04-17,58.439999,59.590000,58.119999,58.560001,54.683849,38788400
5,2019-04-18,58.709999,58.880001,58.119999,58.490002,54.618488,20464200
5,2019-04-22,58.150002,58.830002,57.880001,58.820000,54.926643,12327500
5,2019-04-23,58.889999,58.980000,58.500000,58.779999,54.889278,17739900
5,2019-04-24,58.520000,59.290001,58.139999,58.720001,54.833256,17723700
5,2019-04-25,58.299999,58.380001,57.230000,57.610001,53.796741,27949900
5,2019-04-26,52.740002,53.090000,51.520000,52.430000,48.959602,72364500
5,2019-04-29,52.169998,52.430000,51.000000,51.110001,47.726978,42142300
5,2019-04-30,51.000000,51.430000,50.869999,51.040001,47.661606,27130900
5,2019-05-01,51.099998,51.599998,50.740002,50.759998,47.400143,20467600
5,2019-05-02,50.799999,51.330002,50.119999,50.549999,47.204041,22655400
5,2019-05-03,51.080002,51.820000,50.730000,51.750000,48.324604,25656600
5,2019-05-06,50.250000,51.279999,50.189999,51.220001,48.122616,26245200
5,2019-05-07,50.599998,50.880001,49.930000,50.480000,47.427364,29713400
5,2019-05-08,50.200001,50.790001,49.070000,49.240002,46.262344,36812400
5,2019-05-09,47.900002,48.290001,46.049999,46.619999,43.800781,59642200
5,2019-05-10,46.439999,46.799999,45.099998,46.200001,43.406189,42522800
5,2019-05-13,45.330002,45.639999,44.700001,44.759998,42.053265,39091900
5,2019-05-14,45.180000,45.490002,44.869999,45.169998,42.438465,24706500
5,2019-05-15,44.919998,45.750000,44.759998,45.619999,42.861252,23407900
5,2019-05-16,45.470001,45.950001,45.419998,45.529999,42.776699,19954700
5,2019-05-17,45.180000,45.730000,44.759998,44.889999,42.175400,22500400
5,2019-05-20,44.000000,44.520000,43.450001,43.560001,40.925831,28675000
5,2019-05-21,44.340000,44.779999,44.180000,44.459999,41.771400,25543400
5,2019-05-22,44.150002,44.459999,43.849998,44.000000,41.339226,16932500
5,2019-05-23,43.369999,44.740002,42.860001,44.529999,41.837170,35783900
5,2019-05-24,44.590000,45.049999,44.490002,44.570000,41.874752,27168100
5,2019-05-28,44.660000,44.689999,43.299999,43.570000,40.935223,34779900
5,2019-05-29,43.349998,44.529999,43.330002,44.230000,41.555317,28450300
5,2019-05-30,44.299999,45.029999,44.230000,44.730000,42.025078,21618900
5,2019-05-31,44.180000,44.970001,43.930000,44.040001,41.376808,25532500
5,2019-06-03,44.250000,44.590000,43.200001,43.459999,40.831871,31155700
5,2019-06-04,44.160000,44.860001,43.770000,44.790001,42.081455,28094900
5,2019-06-05,45.110001,45.180000,44.189999,44.549999,41.855965,20802000
5,2019-06-06,44.750000,45.169998,44.509998,45.099998,42.372700,19076200
5,2019-06-07,45.250000,46.119999,45.099998,46.029999,43.246468,24370300
5,2019-06-10,46.230000,47.189999,46.200001,46.799999,43.969898,20806100
5,2019-06-11,47.259998,47.320000,46.520000,46.849998,44.016872,18415500
5,2019-06-12,46.669998,46.669998,46.250000,46.320000,43.518932,15900600
5,2019-06-13,46.599998,46.959999,46.529999,46.700001,43.875946,12267600
5,2019-06-14,45.830002,46.419998,45.549999,46.189999,43.396786,15381100
5,2019-06-17,46.139999,46.529999,45.799999,46.130001,43.340416,12643300
5,2019-06-18,46.750000,48.000000,46.599998,47.369999,44.505436,25732300
5,2019-06-19,47.480000,47.580002,47.000000,47.070000,44.223576,17436400
5,2019-06-20,47.869999,48.049999,46.869999,47.189999,44.336315,20126800
5,2019-06-21,46.950001,47.730000,46.799999,47.459999,44.589993,31096300
5,2019-06-24,47.400002,47.849998,47.169998,47.630001,44.749702,14479900
5,2019-06-25,47.560001,47.680000,46.799999,46.849998,44.016872,16665600
5,2019-06-26,47.650002,48.480000,47.560001,48.189999,45.275841,21886300
5,2019-06-27,48.150002,48.419998,47.240002,47.459999,44.589993,23062900
5,2019-06-28,47.770000,48.200001,47.680000,47.869999,44.975189,26646200
5,2019-07-01,49.290001,49.450001,47.750000,48.049999,45.144314,27423300
5,2019-07-02,47.910000,48.220001,47.689999,48.119999,45.210075,15381600
5,2019-07-03,48.180000,48.560001,48.000000,48.520000,45.585892,10739100
5,2019-07-05,48.029999,48.180000,47.439999,48.080002,45.172497,14339200
5,2019-07-08,47.619999,47.950001,47.070000,47.820000,44.928211,16564300
5,2019-07-09,47.360001,47.799999,47.130001,47.750000,44.862450,17853200
5,2019-07-10,47.919998,48.610001,47.900002,48.209999,45.294636,16032300
5,2019-07-11,48.560001,48.779999,48.310001,48.599998,45.661049,16615100
5,2019-07-12,49.000000,49.930000,48.810001,49.919998,46.901222,20148700
5,2019-07-15,50.000000,50.250000,49.770000,50.119999,47.089130,14345100
5,2019-07-16,49.910000,50.000000,48.959999,49.169998,46.196583,17131400
5,2019-07-17,49.500000,49.700001,49.240002,49.389999,46.403275,11928600
5,2019-07-18,49.279999,49.990002,48.889999,49.939999,46.920013,15671600
5,2019-07-19,49.959999,50.660000,49.910000,50.270000,47.230061,29141100
5,2019-07-22,50.009998,51.520000,49.889999,51.349998,48.244751,21688000
5,2019-07-23,52.000000,52.000000,51.299999,51.750000,48.620560,18413500
5,2019-07-24,51.980000,52.970001,51.799999,52.919998,49.719807,20896400
5,2019-07-25,52.509998,52.599998,51.880001,52.160000,49.005772,27765400
5,2019-07-26,52.689999,53.500000,51.529999,51.590000,48.470234,36401500
5,2019-07-29,51.529999,52.560001,50.779999,52.509998,49.334606,21897500
5,2019-07-30,51.709999,52.310001,51.560001,51.700001,48.573593,16487700
5,2019-07-31,51.509998,51.720001,50.049999,50.549999,47.493126,24169800
5,2019-08-01,50.520000,51.889999,49.470001,49.500000,46.506626,34020800
5,2019-08-02,49.090000,49.360001,48.500000,48.680000,45.736214,27881600
5,2019-08-05,47.759998,47.959999,46.570000,46.970001,44.129620,38936600
5,2019-08-06,47.150002,47.560001,46.770000,46.959999,44.418114,26119600
5,2019-08-07,46.299999,46.880001,45.970001,46.730000,44.200562,29440400
5,2019-08-08,46.160000,47.369999,45.910000,47.169998,44.616749,30643700
5,2019-08-09,46.939999,47.000000,45.779999,45.980000,43.491154,24975500
5,2019-08-12,45.759998,46.070000,45.439999,45.599998,43.131721,18494300
5,2019-08-13,45.490002,47.049999,45.360001,46.840000,44.304607,28959500
5,2019-08-14,46.060001,46.630001,45.650002,45.869999,43.387108,25650200
5,2019-08-15,46.099998,46.180000,45.439999,45.700001,43.226315,21896000
5,2019-08-16,46.340000,46.680000,46.060001,46.500000,43.983009,22701800
5,2019-08-19,47.459999,47.599998,47.040001,47.230000,44.673496,21403600
5,2019-08-20,47.029999,47.119999,46.459999,46.599998,44.077606,23113300
5,2019-08-21,47.110001,47.290001,46.889999,47.150002,44.597828,15915000
5,2019-08-22,47.279999,47.430000,46.689999,46.779999,44.247849,19783000
5,2019-08-23,46.349998,46.630001,44.799999,44.959999,42.526371,32814000
5,2019-08-26,45.820000,45.820000,45.250000,45.560001,43.093887,22080500
5,2019-08-27,45.869999,46.119999,45.500000,45.790001,43.311440,16925500
5,2019-08-28,45.700001,45.910000,45.369999,45.790001,43.311440,14888800
5,2019-08-29,46.459999,47.220001,46.400002,46.869999,44.332981,17803800
5,2019-08-30,47.240002,47.790001,47.160000,47.410000,44.843750,16922600
5,2019-09-03,47.119999,47.220001,46.500000,46.980000,44.437031,15003800
5,2019-09-04,47.560001,48.950001,47.540001,48.919998,46.272015,23450700
5,2019-09-05,49.930000,51.169998,49.869999,50.099998,47.388145,30014200
5,2019-09-06,50.250000,50.990002,50.070000,50.919998,48.163761,17067900
5,2019-09-09,51.060001,52.029999,51.020000,51.590000,48.797493,20749700
5,2019-09-10,51.330002,51.840000,50.830002,51.820000,49.015045,18532000
5,2019-09-11,51.599998,52.790001,51.380001,52.790001,49.932545,18968900
5,2019-09-12,53.000000,53.330002,52.070000,53.009998,50.140633,23308700
5,2019-09-13,52.759998,53.000000,52.230000,52.540001,49.696075,18010800
5,2019-09-16,51.900002,52.290001,51.700001,52.200001,49.374481,13354600
5,2019-09-17,52.049999,52.139999,51.349998,51.950001,49.138012,19641100
5,2019-09-18,52.130001,52.130001,51.160000,51.740002,48.939377,14906800
5,2019-09-19,51.700001,51.990002,51.500000,51.570000,48.778580,11428400
5,2019-09-20,51.599998,51.880001,50.560001,50.720001,47.974594,37067900
5,2019-09-23,50.830002,51.230000,50.389999,50.900002,48.144836,18916600
5,2019-09-24,51.099998,51.180000,49.639999,49.820000,47.123299,28197400
5,2019-09-25,49.750000,51.209999,49.419998,51.020000,48.258350,19486700
5,2019-09-26,50.980000,51.150002,50.340000,50.919998,48.163761,11351800
5,2019-09-27,50.630001,51.220001,50.340000,50.779999,48.031338,14845700
5,2019-09-30,51.189999,51.599998,50.939999,51.529999,48.740746,13652100
5,2019-10-01,51.970001,52.240002,50.430000,50.759998,48.012417,18413100
5,2019-10-02,50.310001,50.369999,48.980000,49.389999,46.716576,20078700
5,2019-10-03,49.500000,50.070000,48.529999,50.029999,47.321934,16320100
5,2019-10-04,50.349998,50.970001,50.029999,50.919998,48.163761,12644900
5,2019-10-07,50.700001,51.230000,50.560001,50.619999,47.880001,12081400
5,2019-10-08,50.160000,50.480000,49.610001,49.730000,47.038177,17409100
5,2019-10-09,50.470001,50.790001,50.150002,50.480000,47.747570,11834900
5,2019-10-10,50.410000,51.779999,50.400002,51.110001,48.343472,13907900
5,2019-10-11,52.000000,52.790001,51.820000,52.090000,49.270432,24072500
5,2019-10-14,51.900002,51.950001,51.439999,51.639999,48.844788,15016800
5,2019-10-15,51.930000,53.070000,51.830002,52.650002,49.800121,18878100
5,2019-10-16,52.349998,52.560001,52.119999,52.450001,49.610939,14769300
5,2019-10-17,52.639999,52.840000,51.380001,51.860001,49.052883,16533900
5,2019-10-18,51.750000,51.820000,51.029999,51.360001,48.579948,16974100
5,2019-10-21,51.520000,52.169998,51.340000,52.130001,49.308266,12189000
5,2019-10-22,51.900002,52.320000,51.889999,52.009998,49.194756,13114300
5,2019-10-23,51.369999,51.959999,51.200001,51.720001,48.920456,15887500
5,2019-10-24,52.090000,52.430000,51.430000,52.230000,49.402851,23413000
5,2019-10-25,54.189999,56.610001,53.919998,56.459999,53.403877,59767700
5,2019-10-28,56.380001,56.810001,56.060001,56.759998,53.687649,32307500
5,2019-10-29,56.369999,57.240002,56.240002,56.340000,53.290386,18155800
5,2019-10-30,56.320000,56.630001,55.619999,56.599998,53.536312,15248000
5,2019-10-31,56.330002,56.599998,55.619999,56.529999,53.470097,19249700
5,2019-11-01,55.939999,56.650002,55.619999,56.509998,53.451183,17953500
5,2019-11-04,56.930000,57.799999,56.849998,57.610001,54.491638,19068000
5,2019-11-05,57.470001,58.349998,57.209999,57.549999,54.434887,20865400
5,2019-11-06,57.490002,57.709999,56.980000,57.599998,54.782028,17721000
5,2019-11-07,58.000000,58.549999,57.860001,58.049999,55.210014,16962800
5,2019-11-08,57.849998,58.299999,57.310001,58.270000,55.419247,11888900
5,2019-11-11,57.970001,58.500000,57.900002,58.349998,55.495338,11228900
5,2019-11-12,58.400002,58.799999,58.029999,58.200001,55.352676,11952500
5,2019-11-13,57.869999,57.970001,57.349998,57.889999,55.057842,15332700
5,2019-11-14,57.610001,58.040001,57.570000,57.810001,54.981754,12119000
5,2019-11-15,58.169998,58.700001,57.619999,57.959999,55.124409,16112100
5,2019-11-18,57.700001,58.480000,57.570000,58.250000,55.400230,16097500
5,2019-11-19,58.480000,58.650002,57.750000,58.349998,55.495338,17061900
5,2019-11-20,58.259998,58.360001,57.369999,57.900002,55.067352,18542300
5,2019-11-21,57.490002,58.299999,57.410000,58.220001,55.371696,16139000
5,2019-11-22,58.340000,58.650002,57.490002,57.610001,54.791538,15690200
5,2019-11-25,58.000000,58.840000,58.000000,58.810001,55.932831,15011700
5,2019-11-26,58.950001,59.130001,58.450001,58.900002,56.018433,22338700
5,2019-11-27,58.529999,58.590000,57.910000,58.509998,55.647514,18184200
5,2019-11-29,58.150002,58.299999,57.790001,58.049999,55.210014,9481100
5,2019-12-02,58.549999,58.689999,57.470001,57.660000,54.839092,19154500
5,2019-12-03,56.860001,56.860001,55.750000,56.070000,53.326881,25737400
5,2019-12-04,56.660000,56.660000,55.860001,56.020000,53.279324,18881400
5,2019-12-05,56.410000,56.410000,55.759998,56.080002,53.336391,17673700
5,2019-12-06,56.660000,56.990002,56.419998,56.810001,54.030682,16476800
5,2019-12-09,56.540001,56.959999,56.500000,56.529999,53.764378,14298600
5,2019-12-10,56.709999,56.830002,56.439999,56.590000,53.821445,16157900
5,2019-12-11,56.910000,57.169998,56.580002,57.070000,54.277954,20051100
5,2019-12-12,56.750000,58.049999,56.610001,57.549999,54.734474,27883300
5,2019-12-13,57.549999,58.340000,57.380001,57.790001,54.962734,22795200
5,2019-12-16,58.209999,58.570000,57.650002,57.700001,54.877140,19131200
5,2019-12-17,58.000000,58.099998,57.130001,57.299999,54.496704,21653100
5,2019-12-18,57.389999,57.459999,56.939999,57.169998,54.373066,28261000
5,2019-12-19,57.169998,57.990002,56.970001,57.959999,55.124409,18865100
5,2019-12-20,58.320000,59.049999,57.889999,58.950001,56.065983,49953000
5,2019-12-23,59.060001,59.779999,59.040001,59.230000,56.332283,23593000
5,2019-12-24,59.250000,59.480000,59.160000,59.410000,56.503479,6313200
5,2019-12-26,59.410000,59.849998,59.349998,59.820000,56.893421,11480300
5,2019-12-27,59.910000,60.480000,59.900002,60.080002,57.140701,14085800
5,2019-12-30,59.990002,60.049999,59.380001,59.619999,56.703209,12750500
5,2019-12-31,59.619999,59.930000,59.360001,59.849998,56.921947,14432900
5,2020-01-02,60.240002,60.970001,60.220001,60.840000,57.863522,18056000
5,2020-01-03,59.810001,60.700001,59.810001,60.099998,57.159718,15293900
5,2020-01-06,59.590000,60.200001,59.330002,59.930000,56.998039,17755200
5,2020-01-07,59.779999,59.799999,58.889999,58.930000,56.046963,21876100
5,2020-01-08,58.889999,59.320000,58.520000,58.970001,56.085007,23133500
5,2020-01-09,59.049999,59.509998,58.830002,59.299999,56.398861,18813300
5,2020-01-10,59.570000,60.080002,58.869999,58.939999,56.056473,15200600
5,2020-01-13,59.169998,59.779999,59.080002,59.590000,56.674671,16453300
5,2020-01-14,59.490002,59.740002,59.189999,59.430000,56.522499,17051200
5,2020-01-15,59.299999,59.650002,58.750000,58.939999,56.056473,18498800
5,2020-01-16,59.259998,59.840000,59.070000,59.660000,56.741241,21365500
5,2020-01-17,59.980000,60.000000,59.240002,59.599998,56.684181,21803400
5,2020-01-21,59.810001,61.250000,59.790001,60.549999,57.587704,28358500
5,2020-01-22,61.040001,62.849998,60.970001,62.730000,59.661057,29475100
5,2020-01-23,62.860001,63.709999,62.810001,63.320000,60.222191,42778700
5,2020-01-24,66.570000,69.290001,66.459999,68.470001,65.120239,84711000
5,2020-01-27,66.720001,67.419998,65.599998,65.690002,62.476242,30764000
5,2020-01-28,66.500000,67.580002,65.940002,67.309998,64.016991,30915400
5,2020-01-29,67.629997,68.059998,66.169998,66.330002,63.084938,18055800
5,2020-01-30,65.639999,66.500000,64.930000,66.470001,63.218082,18522400
5,2020-01-31,65.800003,65.980003,63.669998,63.930000,60.802353,25268400
5,2020-02-03,64.459999,65.040001,64.300003,64.419998,61.268375,16646600
5,2020-02-04,65.769997,66.059998,64.919998,65.459999,62.257496,20970800
5,2020-02-05,66.690002,67.599998,66.129997,67.339996,64.045509,23401400
5,2020-02-06,67.300003,67.400002,66.769997,67.089996,64.121979,17408000
5,2020-02-07,66.860001,67.300003,66.010002,66.019997,63.099308,18134600
5,2020-02-10,65.559998,66.400002,65.440002,66.389999,63.452942,22299300
5,2020-02-11,66.830002,67.709999,66.570000,67.410004,64.427818,17975600
5,2020-02-12,67.599998,68.089996,67.309998,67.459999,64.475616,15586600
5,2020-02-13,66.989998,67.650002,66.739998,67.440002,64.456497,11602700
5,2020-02-14,67.519997,67.860001,66.820000,67.269997,64.294006,13405500
5,2020-02-18,66.660004,66.690002,65.879997,66.139999,63.214005,12758400
5,2020-02-19,66.389999,67.199997,66.180000,67.110001,64.141098,13551200
5,2020-02-20,67.040001,67.290001,64.559998,65.449997,62.554527,26452600
5,2020-02-21,65.180000,65.250000,64.040001,64.339996,61.493633,20775900
5,2020-02-24,61.610001,62.770000,61.320000,61.759998,59.027782,26903100
5,2020-02-25,61.990002,62.279999,59.459999,59.730000,57.087585,34495700
5,2020-02-26,60.110001,60.820000,59.270000,59.650002,57.011120,26190100
5,2020-02-27,57.930000,58.509998,55.799999,55.830002,53.360119,42226900
5,2020-02-28,54.299999,56.380001,53.599998,55.520000,53.063835,60721700
5,2020-03-02,55.790001,58.220001,54.520000,58.180000,55.606152,43140300
5,2020-03-03,58.029999,59.020000,55.400002,55.970001,53.493927,49740300
5,2020-03-04,57.009998,58.709999,56.160000,58.680000,56.084034,29223100
5,2020-03-05,57.060001,58.660000,56.610001,56.959999,54.440125,29099200
5,2020-03-06,55.180000,56.009998,54.540001,55.770000,53.302773,36259200
5,2020-03-09,51.919998,52.709999,50.000000,50.849998,48.600430,56197000
5,2020-03-10,52.759998,54.000000,50.430000,53.980000,51.591957,36569000
5,2020-03-11,52.389999,53.540001,51.009998,51.660000,49.374592,38563500
5,2020-03-12,47.990002,50.090000,45.369999,45.540001,43.525341,50661700
5,2020-03-13,48.259998,55.000000,47.740002,54.430000,52.022053,48805100
5,2020-03-16,47.509998,52.250000,43.630001,44.610001,42.636478,53878900
5,2020-03-17,45.759998,51.630001,45.200001,50.080002,47.864491,52085200
5,2020-03-18,46.709999,50.049999,45.200001,47.610001,45.503769,49309900
5,2020-03-19,47.840000,49.230000,45.160000,45.939999,43.907646,44538000
5,2020-03-20,46.509998,49.419998,45.470001,45.830002,43.802513,52344000
5,2020-03-23,46.020000,50.490002,45.910000,49.580002,47.386612,46698500
5,2020-03-24,53.139999,54.639999,51.349998,52.400002,50.081856,50019800
5,2020-03-25,52.480000,53.790001,49.910000,51.259998,48.992287,41106100
5,2020-03-26,51.740002,55.950001,51.660000,55.540001,53.082947,41459800
5,2020-03-27,53.419998,54.639999,52.070000,52.369999,50.053185,31633500
5,2020-03-30,52.990002,56.099998,52.830002,55.490002,53.035160,31628600
5,2020-03-31,55.060001,55.799999,53.220001,54.119999,51.725765,48074700
5,2020-04-01,52.500000,54.689999,51.430000,51.880001,49.584862,29586600
5,2020-04-02,51.290001,54.560001,51.220001,54.349998,51.945587,27810000
5,2020-04-03,53.849998,55.130001,52.730000,54.130001,51.735321,23906100
5,2020-04-06,56.630001,58.770000,56.119999,58.430000,55.845093,32323400
5,2020-04-07,59.939999,61.490002,58.209999,58.400002,55.816422,41410000
5,2020-04-08,58.990002,59.509998,57.910000,58.980000,56.370762,26719500
5,2020-04-09,59.360001,59.720001,56.060001,57.139999,54.612160,40499700
5,2020-04-13,56.570000,58.770000,56.570000,58.700001,56.103146,23251900
5,2020-04-14,60.040001,60.900002,59.509998,60.660000,57.976440,25674000
5,2020-04-15,59.740002,59.830002,58.389999,58.869999,56.265625,22841600
5,2020-04-16,59.610001,60.959999,58.810001,60.790001,58.100693,24433500
5,2020-04-17,62.020000,62.130001,59.830002,60.360001,57.689713,27385600
5,2020-04-20,59.279999,60.040001,58.889999,59.180000,56.561916,26420300
5,2020-04-21,58.110001,58.599998,55.930000,56.360001,53.866665,25248000
5,2020-04-22,58.270000,60.500000,57.810001,60.099998,57.441208,23350400
5,2020-04-23,59.669998,60.099998,58.810001,59.040001,56.428108,35092000
5,2020-04-24,56.200001,59.400002,56.099998,59.259998,56.638367,50187000
5,2020-04-27,59.720001,59.830002,58.389999,59.470001,56.839085,25902200
5,2020-04-28,59.990002,60.220001,58.259998,58.750000,56.150936,28784700
5,2020-04-29,59.439999,62.029999,59.320000,61.799999,59.066002,30451500
5,2020-04-30,61.369999,61.540001,59.750000,59.980000,57.326519,26279900
5,2020-05-01,58.830002,59.320000,57.310001,57.470001,54.927567,21194800
5,2020-05-04,57.119999,58.070000,56.310001,57.990002,55.424557,18957200
5,2020-05-05,58.790001,59.299999,58.349998,58.750000,56.150936,17252100
5,2020-05-06,59.040001,59.950001,58.939999,59.180000,56.881420,17848700
5,2020-05-07,59.930000,60.099998,58.919998,59.169998,56.871807,14733500
5,2020-05-08,59.669998,59.779999,59.049999,59.669998,57.352386,20384500
5,2020-05-11,59.740002,60.840000,59.709999,60.130001,57.794518,18684400
5,2020-05-12,60.220001,60.639999,58.259998,58.389999,56.122097,16754900
5,2020-05-13,58.450001,59.230000,56.900002,57.740002,55.497349,21065000
5,2020-05-14,57.320000,59.150002,56.099998,59.080002,56.785305,21569400
5,2020-05-15,57.400002,58.369999,56.959999,58.279999,56.016373,21373300
5,2020-05-18,59.740002,60.279999,59.360001,59.919998,57.592674,20428700
5,2020-05-19,60.130001,61.770000,59.849998,60.290001,57.948303,21865000
5,2020-05-20,61.160000,63.490002,61.020000,63.099998,60.649162,30584000
5,2020-05-21,63.099998,63.799999,61.820000,61.980000,59.572659,20987700
5,2020-05-22,61.980000,62.320000,61.419998,62.259998,59.841785,14103000
5,2020-05-26,63.680000,64.139999,62.119999,62.340000,59.918682,20933600
5,2020-05-27,62.320000,63.590000,61.070000,63.560001,61.091297,19886300
5,2020-05-28,63.000000,63.450001,61.490002,61.700001,59.303539,17253500
5,2020-05-29,61.900002,63.660000,61.619999,62.930000,60.485767,33393900
5,2020-06-01,62.490002,62.660000,61.660000,61.860001,59.457329,14317700
5,2020-06-02,61.700001,62.169998,60.830002,62.119999,59.707226,20702400
5,2020-06-03,62.450001,62.540001,61.529999,61.930000,59.524609,16737300
5,2020-06-04,61.740002,63.470001,61.340000,62.970001,60.524216,22010100
5,2020-06-05,63.360001,65.110001,63.160000,64.339996,61.840996,26813100
5,2020-06-08,63.970001,64.150002,62.939999,63.669998,61.197025,21546200
5,2020-06-09,62.990002,63.709999,62.900002,63.040001,60.591492,23594100
5,2020-06-10,62.790001,64.290001,62.750000,63.869999,61.389252,21367800
5,2020-06-11,63.070000,63.299999,59.520000,59.700001,57.381218,26998200
5,2020-06-12,60.110001,60.959999,58.119999,59.330002,57.025593,30419800
5,2020-06-15,59.330002,60.360001,58.580002,60.099998,57.765678,29651700
5,2020-06-16,61.490002,61.650002,59.490002,60.400002,58.054035,23226600
5,2020-06-17,60.740002,61.279999,60.060001,60.490002,58.140541,20454800
5,2020-06-18,60.349998,60.509998,59.320000,60.080002,57.746460,24899700
5,2020-06-19,60.650002,60.889999,59.099998,59.619999,57.304329,60336100
5,2020-06-22,59.730000,60.549999,58.830002,60.090000,57.756073,22846000
5,2020-06-23,60.189999,60.470001,59.860001,59.919998,57.592674,22809600
5,2020-06-24,59.639999,59.810001,58.669998,59.090000,56.794914,27764500
5,2020-06-25,58.980000,59.090000,57.480000,58.509998,56.237442,21906900
5,2020-06-26,58.490002,58.730000,57.070000,57.500000,55.266666,38477500
5,2020-06-29,57.470001,58.349998,56.759998,58.270000,56.006763,22150300
5,2020-06-30,58.709999,59.980000,58.540001,59.830002,57.506172,31542100
5,2020-07-01,59.910000,60.029999,58.759998,58.810001,56.525791,14748100
5,2020-07-02,59.189999,59.810001,58.970001,59.130001,56.833363,15578600
5,2020-07-06,58.720001,59.619999,58.599998,59.540001,57.227436,20536700
5,2020-07-07,59.070000,59.570000,58.139999,58.310001,56.045212,15996500
5,2020-07-08,58.450001,58.700001,57.930000,58.610001,56.333557,13277900
5,2020-07-09,58.200001,58.750000,57.700001,58.419998,56.150936,20683700
5,2020-07-10,57.950001,59.689999,57.830002,59.529999,57.217823,17742300
5,2020-07-13,59.840000,60.619999,58.389999,58.580002,56.304726,19082900
5,2020-07-14,57.869999,59.250000,57.349998,58.980000,56.689190,24190900
5,2020-07-15,59.029999,59.340000,58.419998,59.029999,56.737240,19986300
5,2020-07-16,58.540001,59.360001,58.400002,59.139999,56.842968,12425900
5,2020-07-17,59.419998,60.459999,59.279999,60.000000,57.669567,16322800
5,2020-07-20,60.080002,61.380001,59.340000,61.150002,58.774902,16868700
5,2020-07-21,61.520000,61.930000,60.439999,60.700001,58.342381,19803700
5,2020-07-22,61.310001,61.770000,60.619999,61.049999,58.678783,18959900
5,2020-07-23,61.259998,61.740002,59.980000,60.400002,58.054035,43518600
5,2020-07-24,52.150002,52.180000,49.500000,50.590000,48.625061,182269900
5,2020-07-27,51.029999,51.139999,49.470001,49.570000,47.644680,107526500
5,2020-07-28,49.480000,50.230000,49.139999,49.240002,47.327492,62362600
5,2020-07-29,49.490002,49.500000,47.900002,48.070000,46.202938,60500800
5,2020-07-30,47.830002,48.500000,47.590000,47.990002,46.126045,39735200
5,2020-07-31,48.130001,48.320000,46.970001,47.730000,45.876144,46536000
5,2020-08-03,48.270000,48.630001,47.740002,48.299999,46.424004,31767100
5,2020-08-04,48.599998,49.139999,48.500000,49.130001,47.221767,29045800
5,2020-08-05,49.720001,49.720001,48.660000,48.919998,47.019920,29438600
5,2020-08-06,48.790001,48.820000,48.099998,48.570000,47.000565,23795500
5,2020-08-07,48.529999,48.650002,47.700001,48.029999,46.478016,36765200
5,2020-08-10,48.200001,49.389999,48.060001,49.220001,47.629562,37442600
5,2020-08-11,49.630001,49.730000,48.060001,48.189999,46.632847,35348100
5,2020-08-12,48.669998,49.259998,48.240002,49.189999,47.600533,30659800
5,2020-08-13,49.259998,49.330002,48.389999,48.560001,46.990887,24774500
5,2020-08-14,48.730000,49.209999,48.650002,48.889999,47.310230,22321200
5,2020-08-17,49.110001,49.310001,48.730000,48.930000,47.348938,20018300
5,2020-08-18,49.259998,49.570000,48.619999,48.650002,47.077984,19251400
5,2020-08-19,48.790001,48.980000,48.250000,48.330002,46.768322,27775000
5,2020-08-20,49.810001,50.200001,49.000000,49.169998,47.581181,55081300
5,2020-08-21,49.020000,49.310001,48.650002,49.279999,47.687626,34621500
5,2020-08-24,49.259998,49.400002,48.820000,49.139999,47.552151,36295300
5,2020-08-25,49.349998,49.880001,49.209999,49.430000,47.832775,38384300
5,2020-08-26,49.389999,49.669998,49.230000,49.549999,47.948898,28616600
5,2020-08-27,49.790001,49.930000,49.169998,49.400002,47.803745,24420600
5,2020-08-28,49.570000,50.799999,49.459999,50.430000,48.800468,35384700
5,2020-08-31,51.000000,51.500000,50.320000,50.950001,49.303665,46114100
5,2020-09-01,50.910000,51.000000,50.220001,50.790001,49.148834,30472800
5,2020-09-02,51.209999,52.680000,51.090000,52.250000,50.561653,53000700
5,2020-09-03,52.500000,52.619999,50.139999,50.389999,48.761761,47394300
5,2020-09-04,50.529999,51.230000,49.490002,50.080002,48.461773,43318400
5,2020-09-08,49.259998,49.900002,48.849998,48.910000,47.329582,39752700
5,2020-09-09,49.529999,49.970001,49.040001,49.619999,48.016636,33437300
5,2020-09-10,50.000000,50.090000,48.709999,48.959999,47.377964,32649100
5,2020-09-11,49.259998,50.049999,48.950001,49.279999,47.687626,29333600
5,2020-09-14,48.849998,49.720001,48.849998,49.410000,47.813419,27212500
5,2020-09-15,49.790001,50.599998,49.730000,50.000000,48.384361,27598300
5,2020-09-16,50.509998,51.029999,50.169998,50.369999,48.742405,26531400
5,2020-09-17,49.369999,50.490002,49.299999,50.320000,48.694023,26959900
5,2020-09-18,50.330002,50.500000,49.040001,49.889999,48.277912,50123500
5,2020-09-21,49.389999,49.750000,48.830002,49.720001,48.113407,27377100
5,2020-09-22,49.889999,50.209999,49.470001,49.950001,48.335976,22290900
5,2020-09-23,49.830002,50.150002,48.660000,48.820000,47.242485,30078800
5,2020-09-24,48.529999,49.639999,48.419998,49.160000,47.571503,29343400
5,2020-09-25,48.959999,50.279999,48.750000,49.939999,48.326298,26633400
5,2020-09-28,50.509998,51.459999,50.160000,51.430000,49.768158,29652200
5,2020-09-29,51.310001,51.740002,50.950001,51.189999,49.535904,19558200
5,2020-09-30,51.240002,52.380001,51.150002,51.779999,50.106842,27711300
5,2020-10-01,52.400002,52.720001,51.990002,52.240002,50.551983,22127600
5,2020-10-02,51.500000,51.980000,50.990002,51.009998,49.361725,25811800
5,2020-10-05,51.299999,51.810001,51.270000,51.689999,50.019749,20883200
5,2020-10-06,51.709999,52.700001,51.230000,51.369999,49.710091,25642800
5,2020-10-07,51.849998,52.900002,51.790001,52.669998,50.968082,21978700
5,2020-10-08,52.910000,53.580002,52.669998,53.369999,51.645470,22369500
5,2020-10-09,53.549999,53.849998,52.669998,52.820000,51.113235,24343900
5,2020-10-12,53.549999,54.200001,53.209999,53.880001,52.138985,27303500
5,2020-10-13,54.270000,54.290001,53.619999,53.830002,52.090603,20005800
5,2020-10-14,54.009998,54.400002,53.509998,53.549999,51.819645,21874200
5,2020-10-15,52.750000,53.980000,52.619999,53.849998,52.109955,18272900
5,2020-10-16,53.900002,54.700001,53.900002,54.160000,52.409939,23414400
5,2020-10-19,54.470001,56.230000,53.840000,54.580002,52.816368,43537200
5,2020-10-20,54.599998,54.700001,53.270000,53.430000,51.703529,27224900
5,2020-10-21,53.139999,54.070000,52.820000,53.500000,51.771267,21866000
5,2020-10-22,53.119999,54.220001,53.070000,53.900002,52.158344,41522700
5,2020-10-23,48.349998,48.669998,47.660000,48.200001,46.642525,97322500
5,2020-10-26,47.849998,47.860001,46.250000,46.720001,45.210346,54161300
5,2020-10-27,45.980000,46.410000,45.360001,45.639999,44.165245,50130500
5,2020-10-28,44.889999,45.290001,44.200001,44.250000,42.820160,45066000
5,2020-10-29,44.240002,44.470001,43.919998,44.110001,42.684681,36796800
5,2020-10-30,44.099998,44.799999,43.610001,44.279999,42.849186,46781300
5,2020-11-02,44.959999,45.060001,44.240002,44.459999,43.023373,33856700
5,2020-11-03,44.730000,45.459999,44.700001,44.849998,43.400772,34349500
5,2020-11-04,45.110001,46.150002,44.779999,45.700001,44.223305,34748200
5,2020-11-05,46.150002,46.380001,45.529999,45.680000,44.525471,31103200
5,2020-11-06,45.540001,45.799999,44.900002,45.389999,44.242802,36233700
5,2020-11-09,46.639999,47.349998,45.540001,45.599998,44.447487,48481700
5,2020-11-10,45.400002,46.480000,45.250000,45.439999,44.291534,39224500
5,2020-11-11,45.900002,46.459999,45.860001,46.349998,45.178535,31496900
5,2020-11-12,46.130001,46.189999,44.549999,44.950001,43.813919,42881300
5,2020-11-13,44.990002,45.580002,44.970001,45.459999,44.311028,30884700
5,2020-11-16,46.040001,46.750000,45.790001,46.189999,45.022575,36306300
5,2020-11-17,45.750000,46.119999,45.410000,45.529999,44.379261,31118000
5,2020-11-18,45.549999,45.689999,45.040001,45.060001,43.921143,32817900
5,2020-11-19,44.919998,45.669998,44.700001,45.619999,44.466984,29469100
5,2020-11-20,45.660000,45.880001,45.330002,45.389999,44.242802,24199300
5,2020-11-23,45.480000,46.209999,45.450001,46.060001,44.895866,35489600
5,2020-11-24,46.290001,47.299999,46.009998,47.009998,45.821857,33901200
5,2020-11-25,47.029999,47.180000,46.570000,47.049999,45.860840,28126900
5,2020-11-27,47.360001,48.099998,47.360001,47.450001,46.250732,15921400
5,2020-11-30,47.419998,48.500000,47.270000,48.349998,47.127987,46332700
5,2020-12-01,48.750000,50.230000,48.709999,49.560001,48.307407,57768000
5,2020-12-02,49.220001,50.060001,49.180000,49.900002,48.638813,33753500
5,2020-12-03,49.919998,51.110001,49.779999,50.990002,49.701267,50261200
5,2020-12-04,51.060001,52.650002,51.000000,51.990002,50.675991,39767700
5,2020-12-07,51.000000,51.290001,49.560001,50.200001,48.931232,51040300
5,2020-12-08,49.830002,50.720001,49.810001,50.689999,49.408840,28956500
5,2020-12-09,50.279999,50.840000,49.730000,50.070000,48.804516,34068400
5,2020-12-10,49.660000,50.720001,49.590000,50.259998,48.989712,33706000
5,2020-12-11,50.139999,50.139999,49.119999,49.730000,48.473110,29398800
5,2020-12-14,49.820000,51.340000,49.740002,50.470001,49.194405,33436400
5,2020-12-15,50.980000,51.009998,50.209999,50.669998,49.389343,25465600
5,2020-12-16,50.709999,51.459999,50.680000,51.119999,49.827976,28351000
5,2020-12-17,51.150002,51.320000,50.220001,50.650002,49.369862,26399000
5,2020-12-18,50.570000,50.680000,47.110001,47.459999,46.260483,119298400
5,2020-12-21,46.320000,46.450001,45.240002,46.360001,45.188286,53775700
5,2020-12-22,46.250000,46.340000,45.770000,46.169998,45.003086,32171200
5,2020-12-23,46.169998,47.029999,46.070000,46.570000,45.392979,22564200
5,2020-12-24,46.599998,47.090000,46.340000,47.070000,45.880337,11865600
5,2020-12-28,47.189999,47.639999,46.860001,47.070000,45.880337,21269200
5,2020-12-29,47.220001,50.669998,46.490002,49.389999,48.141701,84531400
5,2020-12-30,49.110001,49.189999,48.560001,48.750000,47.517876,37385400
5,2020-12-31,48.750000,50.189999,48.720001,49.820000,48.560833,28576800
5,2021-01-04,49.889999,51.389999,49.400002,49.669998,48.414619,46102500
5,2021-01-05,49.450001,50.830002,49.330002,50.610001,49.330868,24866600
5,2021-01-06,50.439999,52.150002,50.200001,51.099998,49.808479,36809600
5,2021-01-07,51.490002,52.689999,51.299999,52.189999,50.870930,32092300
5,2021-01-08,52.450001,52.529999,51.270000,51.650002,50.344582,34625400
5,2021-01-11,51.290001,52.240002,51.250000,51.540001,50.237362,32925000
5,2021-01-12,51.900002,53.849998,51.560001,53.240002,51.894398,39883900
5,2021-01-13,59.500000,60.250000,56.900002,56.950001,55.510628,124070700
5,2021-01-14,58.450001,60.139999,57.840000,59.250000,57.752495,74680900
5,2021-01-15,58.849998,59.650002,57.500000,57.580002,56.124706,50265400
5,2021-01-19,57.939999,58.340000,57.099998,57.990002,56.524342,35647100
5,2021-01-20,58.240002,59.220001,58.090000,58.669998,57.187153,28701300
5,2021-01-21,59.040001,63.950001,58.220001,62.459999,60.881367,86519500
5,2021-01-22,58.849998,59.619999,56.650002,56.660000,55.227955,85729300
5,2021-01-25,56.380001,56.500000,54.060001,55.439999,54.038788,61968500
5,2021-01-26,55.279999,56.200001,54.849998,55.209999,53.814602,31485900
5,2021-01-27,54.610001,54.849998,53.299999,53.590000,52.235550,49722900
5,2021-01-28,54.790001,57.400002,54.700001,56.070000,54.652866,49202600
5,2021-01-29,55.980000,57.160000,55.360001,55.509998,54.107021,37256200
5,2021-02-01,55.950001,57.389999,55.709999,56.689999,55.257198,26926600
5,2021-02-02,57.189999,58.279999,56.880001,58.000000,56.534092,23580900
5,2021-02-03,57.889999,58.330002,57.380001,57.680000,56.222176,21893200
5,2021-02-04,57.610001,58.880001,57.189999,58.790001,57.651955,29853800
5,2021-02-05,59.000000,59.080002,58.119999,58.180000,57.053761,23432600
5,2021-02-08,58.380001,59.220001,57.950001,59.160000,58.014793,34358300
5,2021-02-09,58.770000,59.310001,57.939999,58.779999,57.642147,28754100
5,2021-02-10,59.299999,59.419998,58.119999,58.860001,57.720600,16325100
5,2021-02-11,59.099998,60.990002,58.860001,60.660000,59.485756,27539100
5,2021-02-12,60.599998,62.509998,60.430000,61.810001,60.613495,26214200
5,2021-02-16,62.000000,62.869999,61.700001,62.470001,61.260719,26326300
5,2021-02-17,61.490002,62.189999,61.209999,61.849998,60.652718,21055400
5,2021-02-18,60.650002,61.980000,60.639999,61.610001,60.417362,17846100
5,2021-02-19,61.910000,63.259998,61.849998,63.009998,61.790264,28290100
5,2021-02-22,61.880001,62.700001,60.660000,60.709999,59.534782,32288200
5,2021-02-23,60.480000,61.500000,59.169998,61.119999,59.936852,27374600
5,2021-02-24,60.529999,63.279999,60.380001,63.189999,61.966782,24669900
5,2021-02-25,62.410000,63.540001,60.130001,60.400002,59.230789,36394000
5,2021-02-26,60.889999,61.689999,59.680000,60.779999,59.603432,38216800
5,2021-03-01,61.720001,63.080002,61.650002,62.880001,61.662781,28495400
5,2021-03-02,62.799999,63.139999,61.110001,61.240002,60.054531,23320000
5,2021-03-03,60.639999,61.520000,59.700001,59.900002,58.740467,28740400
5,2021-03-04,59.830002,60.240002,57.910000,58.330002,57.200863,40210400
5,2021-03-05,59.259998,61.180000,58.509998,60.740002,59.564209,39511700
5,2021-03-08,60.470001,61.700001,59.720001,59.849998,58.691433,33112400
5,2021-03-09,61.180000,63.169998,60.840000,62.669998,61.456841,36387500
5,2021-03-10,63.220001,64.120003,62.130001,62.250000,61.044975,27160300
5,2021-03-11,62.939999,64.089996,62.389999,63.310001,62.084457,30701800
5,2021-03-12,62.650002,63.299999,62.240002,62.900002,61.682392,20173000
5,2021-03-15,63.610001,63.880001,62.480000,63.790001,62.555164,21247400
5,2021-03-16,64.150002,65.730003,64.080002,64.779999,63.525997,30186600
5,2021-03-17,64.220001,66.290001,63.709999,65.779999,64.506638,32394700
5,2021-03-18,65.629997,65.699997,63.650002,63.730000,62.496323,30094200
5,2021-03-19,63.180000,64.989998,62.919998,63.759998,62.525745,54951700
5,2021-03-22,64.820000,66.379997,64.559998,65.629997,64.359543,34380100
5,2021-03-23,66.000000,66.050003,63.169998,63.480000,62.251163,35160000
5,2021-03-24,66.580002,67.440002,61.990002,62.040001,60.839043,74584700
5,2021-03-25,61.660000,62.439999,60.980000,62.020000,60.819427,35401400
5,2021-03-26,61.799999,64.970001,61.770000,64.870003,63.614262,34705800
5,2021-03-29,64.010002,65.129997,63.610001,64.500000,63.251423,26161600
5,2021-03-30,63.770000,64.000000,63.150002,63.770000,62.535553,20709500
5,2021-03-31,64.010002,64.489998,63.580002,64.000000,62.761101,33013200
5,2021-04-01,64.720001,64.889999,63.580002,64.550003,63.300461,31416300
5,2021-04-05,64.949997,66.739998,64.699997,66.540001,65.251930,27947500
5,2021-04-06,66.059998,66.580002,65.290001,65.559998,64.290894,28771400
5,2021-04-07,65.669998,66.570000,65.360001,66.250000,64.967545,17793300
5,2021-04-08,66.970001,67.290001,66.360001,67.050003,65.752060,22224200
5,2021-04-09,66.800003,68.400002,66.629997,68.260002,66.938644,27177100
5,2021-04-12,68.199997,68.489998,64.709999,65.410004,64.143814,51266900
5,2021-04-13,65.610001,65.629997,64.209999,65.220001,63.957481,26822000
5,2021-04-14,65.309998,65.379997,63.840000,64.190002,62.947422,25768400
5,2021-04-15,63.970001,65.220001,63.680000,65.019997,63.761356,24927700
5,2021-04-16,65.330002,65.519997,64.570000,64.750000,63.496578,24625500
5,2021-04-19,64.699997,64.739998,63.070000,63.630001,62.398262,23997700
5,2021-04-20,63.639999,63.759998,62.410000,62.700001,61.486267,19872100
5,2021-04-21,62.790001,63.779999,62.299999,63.700001,62.466908,24364200
5,2021-04-22,63.349998,63.910000,62.279999,62.570000,61.358784,38257600
5,2021-04-23,59.160000,60.000000,57.900002,59.240002,58.093243,77479500
5,2021-04-26,59.099998,59.520000,58.459999,58.759998,57.622532,39645900
5,2021-04-27,58.560001,58.630001,57.770000,57.970001,56.847828,38167700
5,2021-04-28,57.520000,58.160000,57.150002,57.619999,56.504601,30387400
5,2021-04-29,57.880001,58.299999,57.470001,58.279999,57.151825,23290600
5,2021-04-30,57.610001,58.430000,57.070000,57.529999,56.416344,30731800
5,2021-05-03,57.860001,57.880001,56.840000,57.259998,56.151573,22281700
5,2021-05-04,56.880001,56.980000,55.810001,56.900002,55.798538,35323600
5,2021-05-05,56.959999,57.299999,56.459999,56.849998,55.749508,21001900
5,2021-05-06,56.619999,57.250000,56.250000,57.189999,56.428345,25529300
5,2021-05-07,57.700001,58.009998,57.240002,57.669998,56.901955,19959000
5,2021-05-10,57.150002,57.230000,55.880001,55.970001,55.224598,35046500
5,2021-05-11,55.049999,55.630001,54.299999,55.040001,54.306984,35968100
5,2021-05-12,54.389999,54.650002,53.419998,53.619999,52.905891,30232300
5,2021-05-13,54.040001,54.389999,53.459999,54.009998,53.290695,29192500
5,2021-05-14,54.599998,55.849998,54.259998,55.349998,54.612850,28158300
5,2021-05-17,55.290001,55.889999,54.759998,55.330002,54.593121,20010200
5,2021-05-18,55.950001,56.139999,54.799999,54.840000,54.109642,18703400
5,2021-05-19,54.070000,55.430000,53.840000,55.360001,54.622719,23769700
5,2021-05-20,55.570000,56.240002,55.360001,55.950001,55.204865,23145200
5,2021-05-21,56.419998,56.709999,55.980000,56.080002,55.333134,17723100
5,2021-05-24,56.650002,57.389999,56.400002,56.959999,56.201408,19164400
5,2021-05-25,57.560001,57.560001,56.419998,56.869999,56.112610,22309900
5,2021-05-26,57.049999,57.230000,56.590000,56.919998,56.161942,15173600
5,2021-05-27,57.110001,57.880001,57.000000,57.730000,56.961155,32387600
5,2021-05-28,57.549999,57.650002,56.939999,57.119999,56.359276,20303900
5,2021-06-01,57.610001,57.820000,56.590000,56.889999,56.132343,20326400
5,2021-06-02,56.910000,57.689999,56.759998,57.480000,56.714485,18483600
5,2021-06-03,56.980000,57.099998,56.090000,56.240002,55.491001,21831300
5,2021-06-04,56.549999,57.750000,56.540001,57.369999,56.605949,21493800
5,2021-06-07,57.410000,57.439999,56.779999,57.090000,56.329678,17364400
5,2021-06-08,57.450001,57.639999,56.599998,57.000000,56.240879,33254500
5,2021-06-09,57.360001,57.480000,56.970001,57.000000,56.240879,13904800
5,2021-06-10,57.150002,58.029999,56.930000,57.380001,56.615818,26738100
5,2021-06-11,57.470001,57.939999,56.950001,57.849998,57.079556,18119700
5,2021-06-14,58.020000,58.200001,57.230000,58.189999,57.415028,21784500
5,2021-06-15,58.209999,58.419998,57.799999,57.990002,57.217693,20806500
5,2021-06-16,58.150002,58.369999,56.770000,57.220001,56.457947,21879700
5,2021-06-17,57.049999,57.900002,56.700001,57.180000,56.418480,21498800
5,2021-06-18,56.680000,56.750000,55.099998,55.669998,54.928589,55118300
5,2021-06-21,55.750000,56.040001,55.369999,55.869999,55.125927,19254600
5,2021-06-22,55.939999,56.279999,55.500000,55.869999,55.125927,18682800
5,2021-06-23,55.869999,55.970001,55.230000,55.259998,54.524048,20287900
5,2021-06-24,55.490002,56.099998,55.340000,56.070000,55.323265,21209700
5,2021-06-25,56.020000,56.410000,55.750000,55.910000,55.165394,21101200
5,2021-06-28,56.360001,57.730000,56.340000,57.480000,56.714485,22480900
5,2021-06-29,57.549999,57.830002,55.880001,56.750000,55.994209,26360000
5,2021-06-30,56.340000,56.380001,55.389999,56.139999,55.392330,29891600
5,2021-07-01,56.130001,56.639999,55.869999,56.009998,55.264061,24871600
5,2021-07-02,56.549999,56.990002,56.320000,56.759998,56.004074,17219400
5,2021-07-06,56.919998,57.009998,55.700001,56.090000,55.342999,26186600
5,2021-07-07,56.369999,56.450001,55.709999,55.959999,55.214729,14857400
5,2021-07-08,55.310001,55.720001,54.790001,55.389999,54.652317,19162000
5,2021-07-09,55.509998,56.110001,55.310001,55.990002,55.244331,18708000
5,2021-07-12,56.259998,56.759998,56.110001,56.730000,55.974472,15392800
5,2021-07-13,56.619999,57.299999,56.340000,56.869999,56.112610,15716000
5,2021-07-14,57.169998,57.459999,56.330002,56.520000,55.767269,16263600
5,2021-07-15,56.400002,56.400002,55.570000,55.810001,55.066730,18917000
5,2021-07-16,56.049999,56.930000,54.900002,54.970001,54.237911,25263800
5,2021-07-19,54.410000,54.810001,53.970001,54.639999,53.912308,27007700
5,2021-07-20,54.919998,55.560001,54.270000,55.240002,54.504318,19867000
5,2021-07-21,55.180000,56.279999,55.009998,56.230000,55.481133,18497200
5,2021-07-22,56.060001,56.540001,55.680000,55.959999,55.214729,36691000
5,2021-07-23,54.580002,54.709999,52.320000,53.000000,52.294151,67742300
5,2021-07-26,52.810001,54.540001,52.759998,54.310001,53.586704,32881200
5,2021-07-27,53.119999,53.200001,52.310001,53.180000,52.471752,39878000
5,2021-07-28,53.029999,53.919998,52.939999,53.070000,52.363216,28478800
5,2021-07-29,53.480000,54.099998,53.320000,53.700001,52.984829,16886600
5,2021-07-30,53.650002,53.900002,53.250000,53.720001,53.004562,16460000
5,2021-08-02,53.990002,54.470001,53.540001,53.680000,52.965096,18098100
5,2021-08-03,53.889999,54.160000,53.259998,54.060001,53.340031,16375900
5,2021-08-04,54.250000,54.439999,53.700001,53.900002,53.182163,17612700
5,2021-08-05,53.990002,54.020000,53.580002,53.889999,53.517826,15310000
5,2021-08-06,53.860001,54.130001,53.730000,53.919998,53.547619,19252600
5,2021-08-09,54.080002,54.410000,53.830002,54.049999,53.676723,14670100
5,2021-08-10,54.240002,54.389999,53.509998,53.939999,53.567482,16215700
5,2021-08-11,54.259998,54.360001,53.840000,54.139999,53.766102,18590800
5,2021-08-12,54.169998,54.180000,53.259998,53.540001,53.170246,15070100
5,2021-08-13,53.500000,53.560001,53.060001,53.490002,53.120590,15276900
5,2021-08-16,53.230000,53.490002,53.000000,53.470001,53.100731,17690300
5,2021-08-17,53.169998,53.180000,52.220001,52.689999,52.326115,22014900
5,2021-08-18,52.599998,53.029999,52.110001,52.189999,51.829567,15061700
5,2021-08-19,52.049999,52.669998,51.580002,52.439999,52.077839,22999400
5,2021-08-20,52.160000,52.380001,51.419998,52.009998,51.650810,25719900
5,2021-08-23,52.590000,53.540001,52.480000,53.230000,52.862385,23976300
5,2021-08-24,53.560001,53.970001,53.310001,53.810001,53.438381,20348800
5,2021-08-25,54.080002,54.230000,53.730000,53.810001,53.438381,15048400
5,2021-08-26,53.750000,53.750000,52.970001,53.130001,52.763077,19570000
5,2021-08-27,53.360001,53.939999,52.919998,53.889999,53.517826,16521400
5,2021-08-30,54.259998,54.869999,53.759998,53.939999,53.567482,14581300
5,2021-08-31,54.439999,54.500000,53.660000,54.060001,53.686653,22350100
5,2021-09-01,54.110001,54.160000,53.529999,53.669998,53.299343,18615000
5,2021-09-02,53.799999,53.889999,53.349998,53.730000,53.358932,15869500
5,2021-09-03,53.439999,54.080002,53.320000,53.509998,53.140450,13456200
5,2021-09-07,53.570000,53.950001,53.439999,53.650002,53.279488,13915000
5,2021-09-08,53.730000,53.919998,52.990002,53.570000,53.200039,18235100
5,2021-09-09,53.660000,53.889999,53.340000,53.400002,53.031212,13495800
5,2021-09-10,53.849998,54.980000,53.810001,53.840000,53.468174,20307000
5,2021-09-13,54.610001,55.490002,54.410000,54.990002,54.610233,22639200
5,2021-09-14,55.369999,55.439999,54.270000,54.520000,54.143478,22072700
5,2021-09-15,54.669998,55.150002,54.419998,55.119999,54.739330,18796200
5,2021-09-16,54.860001,54.950001,54.240002,54.830002,54.451336,19863100
5,2021-09-17,54.590000,54.590000,53.669998,54.259998,53.885269,35359200
5,2021-09-20,53.209999,53.500000,52.320000,52.980000,52.614113,35051900
5,2021-09-21,53.200001,53.450001,52.830002,52.869999,52.504871,17968900
5,2021-09-22,53.400002,53.869999,53.000000,53.500000,53.130520,18594100
5,2021-09-23,53.750000,54.299999,53.599998,54.029999,53.656860,16474300
5,2021-09-24,53.779999,54.419998,53.730000,54.220001,53.845551,12976200
5,2021-09-27,53.939999,54.869999,53.820000,54.660000,54.282509,13899900
5,2021-09-28,54.180000,54.590000,53.959999,54.000000,53.627068,24691300
5,2021-09-29,54.000000,54.049999,53.180000,53.490002,53.120590,20514300
5,2021-09-30,53.759998,53.980000,53.259998,53.279999,52.912041,20519200
5,2021-10-01,53.650002,54.110001,53.049999,53.860001,53.488037,19895100
5,2021-10-04,53.930000,54.330002,53.080002,53.470001,53.100731,27353300
5,2021-10-05,53.549999,54.340000,53.480000,53.950001,53.577415,18129400
5,2021-10-06,53.480000,54.070000,53.070000,53.980000,53.607204,20059600
5,2021-10-07,54.320000,54.990002,54.119999,54.180000,53.805824,20704400
5,2021-10-08,54.549999,54.580002,53.700001,53.810001,53.438381,16064100
5,2021-10-11,53.810001,54.410000,53.419998,53.439999,53.070934,14398800
5,2021-10-12,53.570000,53.720001,52.009998,52.169998,51.809704,32784300
5,2021-10-13,52.380001,52.580002,51.869999,52.259998,51.899082,18534000
5,2021-10-14,52.900002,54.000000,52.730000,53.900002,53.527760,26586700
5,2021-10-15,54.200001,54.490002,53.810001,54.459999,54.083889,25223000
5,2021-10-18,54.189999,54.560001,53.720001,54.470001,54.093822,22407600
5,2021-10-19,54.630001,55.220001,54.369999,55.209999,54.828709,18392900
5,2021-10-20,55.250000,55.490002,55.080002,55.369999,54.987606,16850300
5,2021-10-21,54.930000,56.070000,54.830002,56.000000,55.613255,38390900
5,2021-10-22,50.389999,50.549999,49.139999,49.459999,49.118420,109971900
5,2021-10-25,49.830002,50.070000,49.310001,49.410000,49.068768,43178800
5,2021-10-26,49.400002,49.439999,47.930000,48.279999,47.946571,68405400
5,2021-10-27,48.520000,48.820000,47.869999,47.889999,47.559265,41081500
5,2021-10-28,48.139999,48.360001,47.880001,48.080002,47.747955,31317200
5,2021-10-29,48.099998,49.279999,47.919998,49.000000,48.661598,42255700
5,2021-11-01,49.400002,49.599998,49.000000,49.549999,49.207798,28013700
5,2021-11-02,49.610001,49.900002,49.230000,49.860001,49.515659,27193300
5,2021-11-03,49.930000,50.450001,49.709999,50.389999,50.042000,23962100
5,2021-11-04,50.240002,50.349998,49.730000,50.310001,50.310001,24806000
5,2021-11-05,50.549999,51.580002,50.540001,50.919998,50.919998,36793200